,time[ms],pmodel
0,0,1.483204501754567
1,100,1.483204501754567
2,200,1.3301782766119872
3,300,1.348039911612593
4,400,1.3154234496497672
5,500,1.27738446082265
6,600,1.4363219404497345
7,700,1.4454340745110672
8,800,1.4597831558646375
9,900,1.4791006099024524
10,1000,1.5546662450973119
11,1100,1.2234230307249594
12,1200,1.2011062476507242
13,1300,1.1013918572958499
14,1400,0.9633213361334497
15,1500,0.8971045542029915
16,1600,0.8295290721260685
17,1700,1.1202512581887287
18,1800,1.0968637634344067
19,1900,1.0995652238450995
20,2000,1.0274716833006994
21,2100,1.1025154735060427
22,2200,1.0241920951850818
23,2300,1.0816313001255047
24,2400,1.1314773433745828
25,2500,1.1601411167751245
26,2600,0.8985334553445893
27,2700,0.8014693727148569
28,2800,0.8743492317853542
29,2900,1.0204313857262908
30,3000,1.0447815569431818
31,3100,0.9353504284147356
32,3200,1.0157766497171719
33,3300,1.0613113056641068
34,3400,1.028705622307692
35,3500,0.8425396503900701
36,3600,0.7236205047655979
37,3700,0.7723732556983985
38,3800,0.839580510411866
39,3900,0.9548898159863876
40,4000,1.0511579035780887
41,4100,0.8213685836711266
42,4200,0.8962863422263664
43,4300,0.93374123771656
44,4400,1.0531187100236266
45,4500,1.088701482754856
46,4600,1.1615313979866717
47,4700,1.20443518665232
48,4800,1.1834664110033075
49,4900,1.2024306217443668
50,5000,1.1129085382653456
51,5100,1.0519187507709788
52,5200,0.8577193688482516
53,5300,1.2115305581515154
54,5400,1.2550531843428674
55,5500,1.0964792980047404
56,5600,1.134781135832835
57,5700,0.9695613460798379
58,5800,1.0823851849675004
59,5900,1.1727163847959403
60,6000,1.1139074749157274
61,6100,1.1146105394587802
62,6200,1.0742425926177157
63,6300,1.0304135487560604
64,6400,1.173236125395979
65,6500,1.0102907817983051
66,6600,1.2289349304739479
67,6700,0.8526864229407879
68,6800,0.676717546877586
69,6900,0.7005121739958743
70,7000,1.040535703546123
71,7100,1.1986811130028991
72,7200,1.0610359051406926
73,7300,1.067483347109731
74,7400,1.008735064456482
75,7500,0.9903211910714286
76,7600,0.8697045634833206
77,7700,1.126670819715248
78,7800,1.0229253015569486
79,7900,
80,8000,
