,time[ms],pmodel
0,0,1.5542779313577415
1,100,1.5542779313577415
2,200,1.4698918597199677
3,300,1.4168636493619813
4,400,1.1053146356589383
5,500,1.4773392649514476
6,600,1.43556760500989
7,700,1.5416913669022971
8,800,1.4936701421058878
9,900,1.380321633723336
10,1000,1.431165327738194
11,1100,1.276758429427748
12,1200,1.3201670138356647
13,1300,1.2090393401790225
14,1400,1.1329850937051402
15,1500,1.2157288918673022
16,1600,1.0640461622986517
17,1700,1.1009730019475237
18,1800,0.9151466775987595
19,1900,0.8569764635791738
20,2000,0.8513514926073741
21,2100,1.0469739751690197
22,2200,1.0112619391349207
23,2300,1.0678893424632125
24,2400,1.297724763288656
25,2500,1.4564574442325804
26,2600,1.3065884917687813
27,2700,1.2811948487139055
28,2800,1.1205014861091533
29,2900,1.2854608315873786
30,3000,1.135781469100427
31,3100,1.1419299869330835
32,3200,1.020958027674559
33,3300,1.0309915123696989
34,3400,0.9906953474677852
35,3500,1.1033703354492204
36,3600,0.9631366927383228
37,3700,1.0046718226557885
38,3800,1.1395203087214543
39,3900,0.9082640279279675
40,4000,0.7553666788355882
41,4100,0.9711770413611608
42,4200,0.8778667041745891
43,4300,1.1979144937272728
44,4400,1.0247008341987178
45,4500,1.2429629079496123
46,4600,1.2389088882222223
47,4700,1.0892122123924541
48,4800,1.1950383001095775
49,4900,1.1868449725857109
50,5000,1.0978456404195178
51,5100,1.054229728351364
52,5200,1.199572130783574
53,5300,1.2233585146265455
54,5400,1.1950088473808833
55,5500,0.8724563601663309
56,5600,0.8902930519503944
57,5700,0.9399627045810847
58,5800,1.0653308329132285
59,5900,1.0501883507605068
60,6000,1.0121492985256242
61,6100,0.9610353762704894
62,6200,0.9611609130779221
63,6300,1.0798595021442998
64,6400,0.9782333310919699
65,6500,0.8939009884731047
66,6600,0.8885562919629456
67,6700,0.9005472544996557
68,6800,1.1342258232499578
69,6900,1.2164828237152925
70,7000,0.8192819109486137
71,7100,0.6647297741871169
72,7200,0.5712184627175658
73,7300,0.8936235364141413
74,7400,1.204912589544933
75,7500,1.1376698028226775
76,7600,0.974679740882919
77,7700,1.1360099110978124
78,7800,1.1430175614840725
79,7900,1.109251065920302
80,8000,
