,time[ms],pmodel
0,0,1.611402744395996
1,100,1.611402744395996
2,200,1.3442237380385103
3,300,1.2857529078817018
4,400,1.3854192561374816
5,500,1.5489449943695655
6,600,1.3442743970303033
7,700,1.4174431491838413
8,800,1.479804990035202
9,900,1.4237840392604868
10,1000,1.4505418257600553
11,1100,1.4549081272095394
12,1200,1.2926646111657645
13,1300,1.3565457898049549
14,1400,1.1962842037191144
15,1500,1.0554252462360805
16,1600,0.5685942366056134
17,1700,0.688145486894075
18,1800,0.688145486894075
19,1900,0.688145486894075
20,2000,0.688145486894075
21,2100,0.688145486894075
22,2200,0.7422715878407788
23,2300,0.9514938591665364
24,2400,1.0917980672851155
25,2500,0.9898530087970595
26,2600,1.1790097452312156
27,2700,1.1409218916266308
28,2800,1.0912068405891304
29,2900,1.149019116651127
30,3000,1.0756564245304148
31,3100,1.1003227568122482
32,3200,1.1421813814228412
33,3300,1.1613794190477784
34,3400,1.1738173768715936
35,3500,1.1773097517424245
36,3600,1.0822562240936957
37,3700,1.1489521099758577
38,3800,1.117258286882692
39,3900,1.0575941289231774
40,4000,1.0086629077119276
41,4100,0.7010383482063502
42,4200,0.671617807782938
43,4300,0.8787255085556653
44,4400,1.2089918336859173
45,4500,1.1600859363099638
46,4600,1.0200972674201632
47,4700,0.9894626926790989
48,4800,0.9785060856057178
49,4900,0.9906477340146521
50,5000,1.0252035313553551
51,5100,0.9362488987059633
52,5200,0.9573196362303221
53,5300,0.8686388973562481
54,5400,1.0738084906999887
55,5500,0.999037298346931
56,5600,1.1715525607920996
57,5700,1.1201636752183601
58,5800,1.1173347861298701
59,5900,1.2378018963796538
60,6000,1.0671736216466012
61,6100,1.1580023434262157
62,6200,1.0053535099399253
63,6300,0.9568786007154527
64,6400,1.1078560210613833
65,6500,0.9425757864137532
66,6600,0.9549808628941924
67,6700,1.3275795169471545
68,6800,1.2064093300873964
69,6900,1.2549577889358976
70,7000,1.0964688479040006
71,7100,1.1295023594295497
72,7200,1.070591952130819
73,7300,0.9468252545795598
74,7400,1.060830957462167
75,7500,1.233401016090701
76,7600,1.0494490693160023
77,7700,1.0112761212858015
78,7800,0.9339399930502656
79,7900,1.064599644116448
80,8000,
