,time[ms],pmodel
0,0,1.4635899849023244
1,100,1.4635899849023244
2,200,1.38481054105289
3,300,1.3278833868803424
4,400,1.4031494807081808
5,500,1.3337461554127121
6,600,1.4129172845932083
7,700,1.35155302228913
8,800,1.35155302228913
9,900,1.2112319162285239
10,1000,1.400055656955844
11,1100,1.3896908087109554
12,1200,1.1560929831449633
13,1300,1.2994201612753882
14,1400,0.9944847589203903
15,1500,1.1367433300454546
16,1600,1.1371028024134788
17,1700,1.1915401447424996
18,1800,1.1526457182064083
19,1900,1.0083013607179923
20,2000,1.1385477788029785
21,2100,1.0873153638058795
22,2200,1.0623788641122536
23,2300,1.0860945270028397
24,2400,1.1558208872121631
25,2500,1.0959709391410675
26,2600,1.156196143470904
27,2700,1.1403585411210524
28,2800,0.914296689160068
29,2900,0.8819583812182231
30,3000,0.8437978363220574
31,3100,1.0303222434074297
32,3200,1.1968863531382579
33,3300,1.1950975574105178
34,3400,1.1159432196542642
35,3500,1.083076581533887
36,3600,1.1458336926264967
37,3700,1.0305735359133879
38,3800,0.7231589764334564
39,3900,0.7536700557474538
40,4000,0.7051416075755434
41,4100,1.038190196587542
42,4200,1.0730188623731016
43,4300,1.2527606243424514
44,4400,1.1553688533198874
45,4500,1.184554250555327
46,4600,1.0606222505275342
47,4700,1.096037078628044
48,4800,0.9333600785033239
49,4900,0.920451680736928
50,5000,1.0909076955757575
51,5100,1.1643762171180163
52,5200,1.0500420929498002
53,5300,1.070905096275824
54,5400,1.0430949340699303
55,5500,1.1037724078896716
56,5600,1.0873374602006671
57,5700,1.1567856067623183
58,5800,1.1973044777429158
59,5900,0.9570381053648992
60,6000,0.8801044567017975
61,6100,0.8146960185857711
62,6200,1.0061408479310603
63,6300,1.1723741838776656
64,6400,1.1390318993860604
65,6500,0.9512203419395603
66,6600,1.0970189822584353
67,6700,0.9895104375167844
68,6800,1.0697995432812157
69,6900,1.0563719234509223
70,7000,0.9632589232998111
71,7100,0.9146319703174767
72,7200,0.9318968267806031
73,7300,1.0283945536817072
74,7400,1.0264455477307695
75,7500,1.0861710764563912
76,7600,1.0454472651852318
77,7700,0.975444701904726
78,7800,
79,7900,
80,8000,
