,time[ms],pmodel
0,0,1.5156796163575077
1,100,1.5156796163575077
2,200,1.4813754009544242
3,300,1.1756115367226943
4,400,1.1942595617853846
5,500,1.068076480248366
6,600,1.1646867258040543
7,700,1.24916138891516
8,800,1.317259449334832
9,900,1.3648772685571147
10,1000,1.4106415175580809
11,1100,1.279432186905329
12,1200,1.2143460272394448
13,1300,1.1645865027961753
14,1400,1.1802217250124514
15,1500,1.0185409273932748
16,1600,0.9472165919312354
17,1700,0.8700159028884112
18,1800,1.0740946777920342
19,1900,1.1813998061867137
20,2000,1.1933314116173679
21,2100,1.1560595284567903
22,2200,1.2944909013588264
23,2300,1.007095519763145
24,2400,0.9992745644250195
25,2500,1.0632460433993787
26,2600,1.0657635513003831
27,2700,0.8700532175765049
28,2800,0.9584486913612832
29,2900,1.133782871707668
30,3000,1.1852130266569953
31,3100,1.1270886837468694
32,3200,0.9772477620015539
33,3300,1.092579259707048
34,3400,1.0423367492828977
35,3500,1.1040766339355579
36,3600,0.9538601688201772
37,3700,0.9571238757163342
38,3800,0.9357471146287879
39,3900,0.8694306633570488
40,4000,1.0063110381289406
41,4100,0.9178174111488261
42,4200,1.0179033428763256
43,4300,1.0718328023779398
44,4400,1.1437717407951515
45,4500,1.1256929750770484
46,4600,1.1167245325125639
47,4700,0.9098516367719351
48,4800,0.9715207614528786
49,4900,0.9918771879995704
50,5000,1.0192574178761302
51,5100,0.9918267243090028
52,5200,1.018831864939394
53,5300,1.171106864052836
54,5400,1.039821171646926
55,5500,1.1361095224030664
56,5600,1.0306797412195823
57,5700,1.1775598996132377
58,5800,1.1698138409779695
59,5900,1.2134589101456879
60,6000,1.221387711840654
61,6100,1.1816468371080613
62,6200,1.0855317089796506
63,6300,1.0644450809888113
64,6400,1.0973009428850924
65,6500,1.1269602256907052
66,6600,1.2603776975989307
67,6700,0.8884137963030303
68,6800,1.048804867533994
69,6900,1.1863955111269062
70,7000,1.0954247085199245
71,7100,1.0820975537181203
72,7200,0.9334581675354977
73,7300,1.1177666138307454
74,7400,1.0870068586315953
75,7500,1.2041591934798621
76,7600,1.1622576641549367
77,7700,1.1496029435684427
78,7800,1.136990972587542
79,7900,1.0542031282145063
80,8000,
