,time[ms],pmodel
0,0,1.5345244786616163
1,100,1.5345244786616163
2,200,1.312833889643648
3,300,1.3914767891515285
4,400,1.2386546094949242
5,500,1.2237216726380913
6,600,1.5590079427885755
7,700,1.3495646784814292
8,800,1.4108286081815407
9,900,1.3748514022053593
10,1000,1.3321675014398644
11,1100,1.2594972146969243
12,1200,1.3215619929009703
13,1300,1.2204501083814665
14,1400,1.1022287662348487
15,1500,1.1114470457027528
16,1600,0.8670929059275652
17,1700,1.290081190643567
18,1800,0.9055629200705391
19,1900,1.0360131297189086
20,2000,1.0323436304504314
21,2100,1.152561227200207
22,2200,1.1187411919944767
23,2300,1.0197098821235433
24,2400,0.8277310388174997
25,2500,1.0985678817956082
26,2600,0.8748988417532367
27,2700,0.9856948086158682
28,2800,0.8939386756064639
29,2900,0.9426180534019184
30,3000,0.9479863379537357
31,3100,0.9922059348730728
32,3200,1.0243914289115117
33,3300,0.9943114269153072
34,3400,1.1307395855428903
35,3500,1.0738062980411605
36,3600,1.0361833190742642
37,3700,1.055016530007391
38,3800,1.0221323328210121
39,3900,1.152682898806312
40,4000,1.1025511573767566
41,4100,1.0966256995838317
42,4200,1.0117936554692455
43,4300,0.9135044795997895
44,4400,1.1364116035525846
45,4500,0.8929985725721201
46,4600,0.8899708915066129
47,4700,0.8718720347328022
48,4800,1.166565705791509
49,4900,1.2182797273750103
50,5000,1.0674931177785547
51,5100,1.1676482229673044
52,5200,1.0400530271913837
53,5300,1.144170495265791
54,5400,1.103680276530424
55,5500,0.9734890044145806
56,5600,1.0162722519572034
57,5700,1.044866667719659
58,5800,1.0317578685204731
59,5900,0.8464142220955514
60,6000,0.8208652565898807
61,6100,0.7807983297282503
62,6200,1.178978667399075
63,6300,0.9136472360328898
64,6400,1.0059017190008088
65,6500,1.1510202481413527
66,6600,0.9402735587657343
67,6700,1.0029730260458511
68,6800,1.064622922272727
69,6900,1.0142213895717656
70,7000,1.218639389380621
71,7100,0.9051217170875991
72,7200,0.9247602018583346
73,7300,0.9737372679491693
74,7400,1.027321435181587
75,7500,0.9487887281415418
76,7600,1.173105221974061
77,7700,1.251453858137031
78,7800,0.9883877738979091
79,7900,
80,8000,
