,time[ms],pmodel
0,0,1.4416071723848072
1,100,1.4416071723848072
2,200,1.3131323985696004
3,300,1.1317912998523698
4,400,1.1578991470655478
5,500,1.2443040201659978
6,600,1.2822411734713062
7,700,1.225909569465962
8,800,1.486308372449869
9,900,1.174598071522404
10,1000,1.2917114102928475
11,1100,1.278239855958354
12,1200,1.2534392550010467
13,1300,1.2360177137912114
14,1400,1.1150547502940835
15,1500,1.1157401732337444
16,1600,1.0867169631792866
17,1700,0.9857354670604855
18,1800,1.1999914827631049
19,1900,1.074128881744571
20,2000,1.0541899137745099
21,2100,1.0409646976367855
22,2200,1.1353437139761517
23,2300,1.0252164097212497
24,2400,1.0804323323139324
25,2500,1.1475046849702522
26,2600,1.056138314008353
27,2700,1.0523587110161143
28,2800,0.9491143634722691
29,2900,0.9380720381983807
30,3000,0.7358210146187042
31,3100,0.6432307260354533
32,3200,0.623184133116793
33,3300,0.9324175487252303
34,3400,1.1605458280571548
35,3500,1.1372725801049905
36,3600,1.076606779072217
37,3700,0.9271307355963329
38,3800,1.0115507589240558
39,3900,0.8510583779527694
40,4000,1.071533590927404
41,4100,1.229009713921268
42,4200,1.3928955680174138
43,4300,1.346840703401321
44,4400,1.3756515022923117
45,4500,1.3382373344970948
46,4600,1.183303552477685
47,4700,1.2239991009880233
48,4800,1.1372765227342572
49,4900,1.3776828248939395
50,5000,1.409287425435231
51,5100,1.375806331336769
52,5200,1.1979429150241012
53,5300,1.4043016139988782
54,5400,1.4317391347873474
55,5500,1.4614524447390282
56,5600,1.2979327159839573
57,5700,1.334944234183602
58,5800,1.2262380527318184
59,5900,1.5370752556147238
60,6000,1.1642324890520825
61,6100,1.2615636099903846
62,6200,1.163674147346283
63,6300,1.0465575278483374
64,6400,0.9684107520551443
65,6500,1.1640061330805804
66,6600,1.0838276561865632
67,6700,1.0048911426406928
68,6800,0.9466070955127107
69,6900,0.9161800892650539
70,7000,1.006410978140702
71,7100,1.0045593758782423
72,7200,1.1157402528807903
73,7300,0.9988503288018876
74,7400,1.2972296403393937
75,7500,1.206421067564773
76,7600,1.0357501653536914
77,7700,1.1024482027180729
78,7800,1.0232968629717618
79,7900,
80,8000,
