,time[ms],pmodel
0,0,1.3761841252872866
1,100,1.3761841252872866
2,200,1.379418874683215
3,300,1.1876507882078244
4,400,0.9784721929329504
5,500,1.2411902797013674
6,600,1.2384289570214975
7,700,1.2384289570214975
8,800,1.242727894541657
9,900,1.3386519246846431
10,1000,1.4839994004673103
11,1100,1.3750514994637029
12,1200,1.4212338991609577
13,1300,1.1211837978997976
14,1400,1.1272716612535971
15,1500,1.1877467652022489
16,1600,0.8246029327939539
17,1700,0.7268237919588534
18,1800,0.8033683459209165
19,1900,1.2415964703166278
20,2000,1.0176630640869395
21,2100,0.8785249038913997
22,2200,1.0748314327217026
23,2300,0.9755814884494
24,2400,1.1735374791175235
25,2500,1.0832589849215144
26,2600,1.0559485587049031
27,2700,0.9382132522483663
28,2800,0.8930878772250075
29,2900,1.1515021114585333
30,3000,1.265073838541181
31,3100,1.1755412564487182
32,3200,1.122904555818959
33,3300,1.0075265837291045
34,3400,1.0803183698370415
35,3500,1.1017989761624163
36,3600,1.2029652224901404
37,3700,1.1760906642070705
38,3800,1.0659317291172399
39,3900,1.1910710988939388
40,4000,1.2293214135228756
41,4100,1.085783709183413
42,4200,1.1216414099403411
43,4300,1.1892499725000003
44,4400,1.23170305569823
45,4500,1.2807754195221448
46,4600,1.3756656925525883
47,4700,1.303693166900442
48,4800,0.9853892458085619
49,4900,1.0715466441903656
50,5000,1.2263490030185253
51,5100,1.060709874
52,5200,0.9790474924615434
53,5300,1.0135065591732326
54,5400,1.2237997127646327
55,5500,1.1718341374417918
56,5600,1.1374138441718245
57,5700,1.0096300715929902
58,5800,1.0527089291205853
59,5900,0.9701803618778281
60,6000,0.9373877717252029
61,6100,0.9373127338785932
62,6200,0.9342393740159155
63,6300,1.1060928734934734
64,6400,1.190769089955531
65,6500,1.0380244555305866
66,6600,1.1432095524841945
67,6700,0.9257194791684982
68,6800,0.9630908157379424
69,6900,0.9333864719441693
70,7000,1.021363660720486
71,7100,1.039340108031979
72,7200,1.1276818031309803
73,7300,1.1536837085308895
74,7400,0.9699659921378548
75,7500,1.0941977083022083
76,7600,1.153489568923813
77,7700,0.800480105547138
78,7800,
79,7900,
80,8000,
