,time[ms],pmodel
0,0,1.7346297802462405
1,100,1.7346297802462405
2,200,1.479170900918687
3,300,1.376291317541741
4,400,0.7693741650269001
5,500,0.6422747786412696
6,600,0.6422747786412696
7,700,0.6422747786412696
8,800,0.6422747786412696
9,900,0.9293108692213395
10,1000,1.3472331066976446
11,1100,1.1161033823876214
12,1200,1.066114327486798
13,1300,1.1910429854172877
14,1400,1.1301619132532488
15,1500,1.1249180553434344
16,1600,0.9347324213215263
17,1700,0.904521149014997
18,1800,0.9185576981285809
19,1900,0.778982933709271
20,2000,0.9414317853596461
21,2100,0.9373605067009613
22,2200,1.004917394928369
23,2300,1.0412175253125486
24,2400,1.048944518940337
25,2500,1.1943436021758735
26,2600,1.1933316497918973
27,2700,1.0801495392849962
28,2800,1.183123253837365
29,2900,1.0390123688131525
30,3000,0.9978997101764707
31,3100,0.9009667902999683
32,3200,1.0101259749105957
33,3300,1.087239372065056
34,3400,0.9919215565705654
35,3500,1.013043669795227
36,3600,1.024709185160173
37,3700,0.953558046054834
38,3800,0.9084636942852147
39,3900,0.8638280958391132
40,4000,0.9571830011575563
41,4100,0.8606021499842065
42,4200,1.1420471623815076
43,4300,1.1464328992417028
44,4400,1.1442836982168654
45,4500,1.1526674439829616
46,4600,1.0211171198242357
47,4700,1.1976596164245632
48,4800,0.9611737158515311
49,4900,0.9339996792114218
50,5000,0.9299884126216693
51,5100,0.8563843520167962
52,5200,1.0860561597668998
53,5300,1.1429848598012038
54,5400,1.024071870938008
55,5500,1.1603791080488195
56,5600,1.1351759427651515
57,5700,1.0062858740670437
58,5800,1.0315601340915634
59,5900,1.044889423275238
60,6000,1.1389875635742035
61,6100,1.0440157761462845
62,6200,0.9593235235506058
63,6300,1.1267240890329315
64,6400,1.080878820060264
65,6500,1.0780021860334115
66,6600,0.8730004253488948
67,6700,1.0837059883058777
68,6800,0.986806341946236
69,6900,1.0315405968409799
70,7000,1.071046733516836
71,7100,1.064858272273662
72,7200,0.964971395082702
73,7300,1.227192183359941
74,7400,1.2014413661624745
75,7500,0.9638907809635494
76,7600,1.12546515705814
77,7700,1.0937412568673994
78,7800,1.138326120776481
79,7900,1.039693721036096
80,8000,1.273937738593764
