,time[ms],pmodel
0,0,1.5631967253599344
1,100,1.5631967253599344
2,200,1.5623691646258657
3,300,1.567133286690297
4,400,1.5297566376979783
5,500,1.5191728994482854
6,600,1.4551705941157422
7,700,1.2846802255016456
8,800,1.3770233248194934
9,900,1.4083972909570694
10,1000,1.365438736523672
11,1100,1.3645094022495559
12,1200,1.3155625979337473
13,1300,1.3413389673923444
14,1400,1.4873952105811967
15,1500,1.3221401766598744
16,1600,1.3466744190351387
17,1700,0.981065855273127
18,1800,1.0981963521167164
19,1900,1.229017867115703
20,2000,1.2072156442201432
21,2100,1.20902207702327
22,2200,1.0683778538362878
23,2300,1.2538347168044979
24,2400,1.2138943273482719
25,2500,1.1710320754487293
26,2600,1.1189794289591295
27,2700,1.135721937804362
28,2800,1.1319266358339104
29,2900,1.0461328254549396
30,3000,1.152081755018981
31,3100,1.0808815351371766
32,3200,1.1070043511104246
33,3300,1.0805098838992868
34,3400,1.092420782925101
35,3500,0.9830268233144627
36,3600,1.1207028957584688
37,3700,1.1004226669471642
38,3800,1.0587372524791507
39,3900,1.237572221060606
40,4000,0.8357768431225129
41,4100,0.4149978044191409
42,4200,0.42758555695537276
43,4300,0.42758555695537276
44,4400,0.42758555695537276
45,4500,0.42758555695537276
46,4600,0.42758555695537276
47,4700,0.42758555695537276
48,4800,0.42758555695537276
49,4900,0.42758555695537276
50,5000,0.42758555695537276
51,5100,0.42758555695537276
52,5200,0.75731917002072
53,5300,1.2172432714045263
54,5400,1.087311270946092
55,5500,1.1738996053558757
56,5600,1.1254891807052827
57,5700,1.1419748095964404
58,5800,1.0549771027628698
59,5900,0.8931059190582359
60,6000,0.9348763440885914
61,6100,0.988703030616164
62,6200,1.079288332159797
63,6300,1.1711788040025253
64,6400,1.0594820174330262
65,6500,0.9840490449437785
66,6600,1.012274437904865
67,6700,1.0175497728901326
68,6800,1.1116432022108067
69,6900,1.1244022552998856
70,7000,1.0568047300024155
71,7100,1.139447473591503
72,7200,1.199424634489529
73,7300,1.0191626089339731
74,7400,1.0466879479044473
75,7500,1.0206951701405722
76,7600,0.957113933111111
77,7700,1.0381045521515149
78,7800,1.1161189260049533
79,7900,
80,8000,
