,time[ms],pmodel
0,0,1.425069210257576
1,100,1.425069210257576
2,200,1.565072915625
3,300,1.5369428318347906
4,400,1.4857677947607164
5,500,1.402465716904762
6,600,1.4449498889626438
7,700,1.4831932373270202
8,800,1.3720468591408088
9,900,1.4178793982305637
10,1000,1.420276395546157
11,1100,1.2203802472987908
12,1200,1.2944236062864825
13,1300,1.4441467279511735
14,1400,1.4794721415788055
15,1500,1.3536397291993483
16,1600,1.3328740844711544
17,1700,1.3271854150540956
18,1800,1.0226762379917957
19,1900,0.9647863953423584
20,2000,0.9005158226439368
21,2100,0.8867465237881377
22,2200,0.8793875614168903
23,2300,1.0429674380513796
24,2400,1.0757271432124118
25,2500,1.3377936665093242
26,2600,1.1110691111034274
27,2700,1.096737730873805
28,2800,0.9496364244549452
29,2900,1.1795422607407864
30,3000,1.17823527353289
31,3100,0.7414431355097454
32,3200,0.7642681424336905
33,3300,0.6118203467030746
34,3400,0.9248350411818181
35,3500,1.088520025542424
36,3600,1.1074468228996581
37,3700,1.131769448144512
38,3800,1.0896201336851057
39,3900,1.010031175107848
40,4000,1.1529521101818183
41,4100,1.132747160810362
42,4200,0.9822676449592352
43,4300,1.0545603317939691
44,4400,0.794014982576548
45,4500,1.335922692060258
46,4600,1.0423088319778988
47,4700,1.1479764715224983
48,4800,1.1354552956741069
49,4900,1.1482951568616482
50,5000,1.0211571399241572
51,5100,0.9881336983983099
52,5200,1.0365637296911423
53,5300,1.0958847147595576
54,5400,1.1192184190320837
55,5500,1.0352313405768925
56,5600,1.0171837520706752
57,5700,1.122834878704046
58,5800,1.1764049490557866
59,5900,1.3199359157696504
60,6000,1.1957792749837761
61,6100,1.247363381192394
62,6200,1.3705487398950535
63,6300,1.1482673060121864
64,6400,0.9263386857423469
65,6500,0.970525104609557
66,6600,1.0071239303228365
67,6700,1.1176533007322522
68,6800,0.9995285259614207
69,6900,1.0946703488499656
70,7000,1.1783810805384016
71,7100,1.0762901563916119
72,7200,0.9304414917863068
73,7300,1.0101856067577812
74,7400,1.0808956702264783
75,7500,0.8905836434908011
76,7600,0.9108500644247851
77,7700,0.9654143678194261
78,7800,0.9748029002878787
79,7900,1.1245047600909093
80,8000,
