,time[ms],pmodel
0,0,1.404554806941571
1,100,1.404554806941571
2,200,1.204149815166537
3,300,1.1297536286936936
4,400,1.1189673166536562
5,500,1.0287858737540043
6,600,1.153763010454298
7,700,1.2460004280359889
8,800,1.3051380404065265
9,900,1.3699358714100232
10,1000,1.282644400982075
11,1100,1.2671055545134036
12,1200,1.1488497856314726
13,1300,1.1568235154975173
14,1400,1.1499092405448534
15,1500,1.3995569648070956
16,1600,1.4175487555831072
17,1700,1.4203829978925797
18,1800,1.43633331440062
19,1900,1.416566637130249
20,2000,1.2920280266345032
21,2100,1.393930055895689
22,2200,1.2598853241216528
23,2300,1.2467317938921272
24,2400,1.3704880019799082
25,2500,1.277670723066084
26,2600,1.1869123206649697
27,2700,1.0973100880128208
28,2800,1.1892269266452993
29,2900,1.0046831908668397
30,3000,1.0076871223768005
31,3100,1.082139465931859
32,3200,1.140573716120095
33,3300,1.1813504546004272
34,3400,1.0279647034642445
35,3500,1.0465086565050505
36,3600,1.1072280343970755
37,3700,1.2072082122601433
38,3800,1.0646021686988014
39,3900,1.0296860298297537
40,4000,0.9140476781514321
41,4100,1.1487332547448816
42,4200,1.071266640330979
43,4300,1.1231850256682208
44,4400,0.9958214912840494
45,4500,1.0719940313395289
46,4600,0.9956394029529482
47,4700,1.231311203281083
48,4800,1.049985865401771
49,4900,0.9624069022121825
50,5000,1.1169891600093527
51,5100,1.0985872856231835
52,5200,1.1148771043260286
53,5300,1.077646051016317
54,5400,1.2232918154234422
55,5500,1.0698566557158071
56,5600,1.1866370053392816
57,5700,1.1068780636562918
58,5800,0.9976239093284854
59,5900,1.0262704611564142
60,6000,1.1165509826258742
61,6100,0.8712998790589769
62,6200,0.8510549216355023
63,6300,1.11411493549608
64,6400,1.1245205746555333
65,6500,0.9678423369545454
66,6600,1.009834370189394
67,6700,0.9179809761501027
68,6800,0.76149118494986
69,6900,0.76149118494986
70,7000,0.7672111080407692
71,7100,0.9105216040558199
72,7200,1.0216671526990964
73,7300,1.0011802109946721
74,7400,1.1232395782286209
75,7500,1.1606680084186118
76,7600,0.9830051921582782
77,7700,
78,7800,
79,7900,
80,8000,
