,time,VSZ,RSS
0,16:01:44:498593,,
1,16:01:44:619010,0.00021312640034976127,0.0
2,16:01:44:723614,0.0,-2.7103943623818516e-05
3,16:01:44:813113,0.0,0.0
4,16:01:44:900841,0.0,0.0
5,16:01:45:004380,0.0005163116227482334,0.004390957879329971
6,16:01:45:112965,0.01250522188577663,0.0065846286701209955
7,16:01:45:210972,0.011622670409652036,0.0060857908847185005
8,16:01:45:332023,-0.0010796055840932572,-0.014922589069203518
9,16:01:45:501938,-0.003834740561254435,-0.003327291908999941
10,16:01:45:623607,0.008149051018631281,0.0340082510042341
11,16:01:45:743233,0.0,-0.00013124392996821665
12,16:01:45:907004,-0.00025509051727579113,-0.0028614932269243054
13,16:01:46:056770,-0.0006113103037680423,0.0060290129794908776
14,16:01:46:155170,0.0,-0.0004448864231131333
15,16:01:46:304877,-3.45734566276068e-05,0.00010472574944353497
16,16:01:46:443914,0.00013829860797121007,-0.0003926804366606307
17,16:01:46:597189,-0.00017284935513894872,-0.0010999371464487373
18,16:01:46:744320,0.0,0.0
19,16:01:46:880766,0.0,0.0
20,16:01:47:017628,0.0,0.0
21,16:01:47:174359,0.0,0.0
22,16:01:47:338188,0.0,0.0
23,16:01:47:476216,0.0,-0.0006292276230926985
24,16:01:47:622748,-0.011064271181031149,-0.055747940605488266
25,16:01:47:744535,0.0,0.0
26,16:01:47:881678,0.0,0.0
27,16:01:48:019725,0.0,0.0
28,16:01:48:172263,0.0,0.0
29,16:01:48:318532,0.0,0.0
30,16:01:48:467781,0.0,0.0
31,16:01:48:618805,0.0,0.0
32,16:01:48:777235,-0.002797014724668867,-0.007473675436890481
33,16:01:48:926570,0.0,0.0
34,16:01:49:076361,0.0,0.0
35,16:01:49:223269,0.0,0.0
36,16:01:49:350871,0.0,0.0
37,16:01:49:456692,0.0,0.0
38,16:01:49:605812,0.0,0.0
39,16:01:49:705789,0.0,0.0
40,16:01:49:849800,0.0,0.0
41,16:01:49:991246,0.0,0.0
42,16:01:50:128256,0.0,0.0
43,16:01:50:270289,0.0,0.0
44,16:01:50:384788,0.0,0.0
45,16:01:50:522526,0.0,0.0008397715821295559
46,16:01:50:663653,0.0,0.0
47,16:01:50:807299,0.0,0.0
48,16:01:50:932361,0.0,0.0
49,16:01:51:073261,0.0,0.0
50,16:01:51:210600,-0.004042774114378922,-0.005230184035352692
51,16:01:51:359790,0.0,0.0
52,16:01:51:512670,0.0,-5.6231900357084363e-05
53,16:01:51:668663,0.0,0.0
54,16:01:51:808899,0.0,0.0
55,16:01:51:960248,0.0,0.0
56,16:01:52:101065,0.0,0.0
57,16:01:52:242609,0.0,0.0
