,time,VSZ,RSS
0,16:01:31:369528,,
1,16:01:31:547864,0.00021005423218367625,0.0
2,16:01:31:659526,0.0,0.0
3,16:01:31:849403,0.0,-2.703067982157137e-05
4,16:01:31:994065,0.02031916083229457,0.009352868032654005
5,16:01:32:165186,0.0007671766029848648,0.001794322442421059
6,16:01:32:363590,-0.0026042640483351365,0.0009623867190633462
7,16:01:32:505800,0.0038991888294668264,-0.002350239029992207
8,16:01:32:637038,0.0,0.007040556819702948
9,16:01:32:781638,0.0,0.0
10,16:01:32:892571,0.0,0.0
11,16:01:33:045828,0.00011470734953999973,0.001594981126056716
12,16:01:33:185329,0.0,-0.00023886618185675612
13,16:01:33:275881,-4.2676909124850226e-05,-0.000398205420903075
14,16:01:33:418257,0.0,0.0
15,16:01:33:521910,5.068099249383451e-05,0.00015934562065123004
16,16:01:33:657287,0.0,0.0
17,16:01:33:784294,0.0,0.0
18,16:01:33:936865,0.0,0.0
19,16:01:34:073646,0.0,0.0
20,16:01:34:221968,0.0,0.0
21,16:01:34:371795,0.0,0.0
22,16:01:34:524169,-0.006913603956117842,-0.03964418481147103
23,16:01:34:662206,0.0,0.0
24,16:01:34:806141,0.0,0.0
25,16:01:34:952398,0.0,0.0
26,16:01:35:097874,0.0,0.0
27,16:01:35:251448,-0.0014611047993532411,-0.0017972184588160856
28,16:01:35:395518,0.0,0.0
29,16:01:35:545453,0.0,0.0
30,16:01:35:693068,0.0,0.0
31,16:01:35:839018,0.0003281537050436878,0.0025760345687220187
32,16:01:35:983518,0.0,0.0
33,16:01:36:128386,0.0,0.0
34,16:01:36:278644,0.0,0.0
35,16:01:36:425648,0.0,-0.0005525625086337804
36,16:01:36:570699,0.0,0.0
37,16:01:36:716871,0.0,0.0
38,16:01:36:868096,0.0,0.0
39,16:01:37:014928,0.0,0.0
40,16:01:37:153784,0.0,0.0
41,16:01:37:310950,0.0,0.0
42,16:01:37:449345,0.0,0.0
43,16:01:37:587100,0.0,0.0
44,16:01:37:728889,0.0,0.0
45,16:01:37:858995,0.0,0.0
46,16:01:37:984357,0.0,0.0
47,16:01:38:120225,0.0,0.0
48,16:01:38:262183,0.0,0.0
49,16:01:38:412369,0.0,0.0
50,16:01:38:564513,-0.005765006090363234,-0.0005528680027643285
51,16:01:38:702469,0.0,0.0
52,16:01:38:855264,0.0,0.0
53,16:01:39:007150,0.0,0.0
54,16:01:39:141302,0.0,0.0
