time,w
14:53:33:352705,2.1113
14:53:33:597822,2.1119000000000003
14:53:33:868981,2.1119000000000003
14:53:34:148726,2.1168
14:53:34:465929,2.1168
14:53:34:682538,2.1119000000000003
14:53:34:947825,2.1119000000000003
14:53:35:215731,2.11621
14:53:35:545158,2.11621
14:53:35:757584,2.1119000000000003
