,time[ms],pmodel
0,0.0,1.5311141175179448
1,100.0,1.5311141175179448
2,200.0,1.4374788391230453
3,300.0,1.5129371777990976
4,400.0,1.430510930262931
5,500.0,1.2265505192334474
6,600.0,1.1895896549071043
7,700.0,1.1651748659505796
8,800.0,1.1011728788093857
9,900.0,1.1909201511344163
10,1000.0,1.4982950512776898
11,1100.0,1.4766518595956977
12,1200.0,1.4750591290739972
13,1300.0,1.5141565255210598
14,1400.0,1.5348864152569637
15,1500.0,0.9725976041745242
16,1600.0,0.99715407767529
17,1700.0,1.025478611436112
18,1800.0,0.989161986665862
19,1900.0,1.0278489248292026
20,2000.0,1.0050608861611465
21,2100.0,1.2117145523446733
22,2200.0,1.1144821705402235
23,2300.0,1.0904174156587416
24,2400.0,1.141433006981924
25,2500.0,1.1649381828909684
26,2600.0,1.048414809726963
27,2700.0,1.140521762195557
28,2800.0,1.218655178945633
29,2900.0,1.1996293452878786
30,3000.0,1.0175118729236203
31,3100.0,1.1152689101458426
32,3200.0,1.0939322183771236
33,3300.0,1.1585334100655968
34,3400.0,1.1180495698811486
35,3500.0,1.0696896923695287
36,3600.0,0.954329915338271
37,3700.0,1.0547013808151693
38,3800.0,1.1069193766923435
39,3900.0,1.0789407908440576
40,4000.0,1.0640980258741557
41,4100.0,1.1111577797428427
42,4200.0,1.1739564716428998
43,4300.0,1.0871807696295077
44,4400.0,1.221329204891008
45,4500.0,1.2146213129550056
46,4600.0,0.9539384480909091
47,4700.0,1.1022466552984427
48,4800.0,1.246502641782266
49,4900.0,1.201868231838188
50,5000.0,1.0545244903281716
51,5100.0,1.154862632351945
52,5200.0,1.0320660244477118
53,5300.0,1.129754947705274
54,5400.0,1.037842524304744
55,5500.0,1.0629845610447886
56,5600.0,1.0944115947251878
57,5700.0,1.0462560336536795
58,5800.0,1.1836483334112553
59,5900.0,1.0789040581701634
60,6000.0,1.1492453942299719
61,6100.0,1.1253885985782897
62,6200.0,1.0944709498129117
63,6300.0,1.115739073035606
64,6400.0,1.2306567874229022
65,6500.0,1.0651348211691487
66,6600.0,1.0869948493008827
67,6700.0,0.9138902757119219
68,6800.0,0.8702499589124979
69,6900.0,0.8706327575043723
70,7000.0,1.0253278371604275
71,7100.0,1.1779210217324994
72,7200.0,1.1779210217324994
73,7300.0,1.1345146116676426
74,7400.0,1.0396497929339303
75,7500.0,1.2670420186836093
76,7600.0,1.2761516684890433
77,7700.0,1.223990210338528
78,7800.0,1.246693062652792
79,7900.0,
80,,
