,time[ms],pmodel
0,0,1.4390769562698944
1,100,1.4390769562698944
2,200,1.3516500907481062
3,300,1.3004569233023044
4,400,1.4722854922232145
5,500,1.4322665504093255
6,600,1.462097493097902
7,700,1.2269338383785886
8,800,1.0843822489770734
9,900,1.1270376068385417
10,1000,1.164943743480058
11,1100,1.4497885761304077
12,1200,1.455132851863095
13,1300,1.455242546705645
14,1400,1.5493916969259347
15,1500,1.3753024696203209
16,1600,1.167259890583221
17,1700,1.14178414584058
18,1800,0.8072467208389605
19,1900,0.798781741971735
20,2000,0.6121835237865497
21,2100,1.120765489217359
22,2200,1.1910534839326923
23,2300,1.2051564396561774
24,2400,1.076036659548563
25,2500,1.1001120804055944
26,2600,1.183482529088122
27,2700,0.9895622113112624
28,2800,1.0128312812658007
29,2900,1.088243480860092
30,3000,0.9584694774425054
31,3100,1.1324086911435325
32,3200,1.1979809253812035
33,3300,1.1863538712044357
34,3400,1.0488660551808064
35,3500,0.8961484168708324
36,3600,1.0412336316326662
37,3700,0.9279568518720664
38,3800,0.8795519322423431
39,3900,1.0169633548796018
40,4000,0.8867973400837751
41,4100,0.8893240453257029
42,4200,0.8296525353680371
43,4300,1.1347849386318671
44,4400,1.1677920149926186
45,4500,1.0357238300965412
46,4600,1.1311589774048176
47,4700,1.1461025170278103
48,4800,1.3288345827762238
49,4900,1.0304750019385223
50,5000,1.1900216230183256
51,5100,1.2875742730028263
52,5200,1.105443054357703
53,5300,1.1254584229446505
54,5400,1.1485673654064112
55,5500,1.0483934033270095
56,5600,1.1964731669733877
57,5700,1.0220436733472362
58,5800,1.0568566659708627
59,5900,0.9576080872466571
60,6000,0.9466455340815005
61,6100,0.9109748167852564
62,6200,1.008257588919668
63,6300,1.1003611747778046
64,6400,1.302042975109801
65,6500,1.3627563411450216
66,6600,1.0572494399736496
67,6700,1.005544652966909
68,6800,1.051519599162913
69,6900,1.1977046994798641
70,7000,1.2193690746568069
71,7100,1.1048254865185512
72,7200,1.1907206527096315
73,7300,1.4233690895588151
74,7400,1.1933592380576092
75,7500,1.1675176266763603
76,7600,1.0546853531627138
77,7700,1.30241557591317
78,7800,1.1237883447900252
79,7900,
80,8000,
