,time[ms],pmodel
0,0,1.5263003966425122
1,100,1.5263003966425122
2,200,1.4094581011658196
3,300,1.4314029786876183
4,400,1.5398518818542848
5,500,1.5718327166992325
6,600,1.5770770792710866
7,700,1.2993113845496689
8,800,1.3286787135684524
9,900,1.3272932609872647
10,1000,1.3116663742085648
11,1100,1.4509373568842094
12,1200,1.5767328212583984
13,1300,1.5772914102302629
14,1400,1.4130618934887171
15,1500,1.026759997880792
16,1600,0.9433026083042245
17,1700,0.972762720917597
18,1800,0.9880015342997518
19,1900,1.0481709965994153
20,2000,1.1444144931848488
21,2100,1.1630765315814955
22,2200,1.109579968860917
23,2300,1.2161930793023719
24,2400,1.2388880762524428
25,2500,1.1455580508563004
26,2600,1.2457116774943948
27,2700,1.0738248220553617
28,2800,1.1865011093705742
29,2900,0.9415956451068233
30,3000,0.8345232661279549
31,3100,1.1796867369691517
32,3200,1.2483801725011627
33,3300,1.2248369122185174
34,3400,1.219395411823307
35,3500,1.00168211881565
36,3600,1.121393420261486
37,3700,1.1687914779949495
38,3800,1.0864407852954545
39,3900,1.1270726324066627
40,4000,1.1132470957316238
41,4100,1.119183610443439
42,4200,1.110561337628572
43,4300,1.0592763513677625
44,4400,1.0881944412450553
45,4500,1.1396405266326943
46,4600,0.9622711398655043
47,4700,1.0603022609222226
48,4800,1.1253854325755288
49,4900,1.1384147935524478
50,5000,1.0354817326102932
51,5100,1.0349292702999224
52,5200,1.1541850606971522
53,5300,1.1434967987902813
54,5400,1.0484748671144901
55,5500,1.2510465511990003
56,5600,1.006234872808275
57,5700,1.153413513097656
58,5800,1.1683828037136874
59,5900,1.0536660569750573
60,6000,0.9458915529249489
61,6100,0.8537722398227929
62,6200,0.9255013949024218
63,6300,1.0501891532380383
64,6400,1.2136764452850461
65,6500,1.237720001137919
66,6600,1.228233195144341
67,6700,0.8080867217855476
68,6800,1.1359989507854706
69,6900,1.027796716029954
70,7000,1.1293557930306322
71,7100,0.9838825672395893
72,7200,0.8766462943902485
73,7300,1.1347413952219232
74,7400,1.113998667332945
75,7500,1.2630562133717436
76,7600,1.1834259223227472
77,7700,1.1923493304019046
78,7800,1.254297454461026
79,7900,
80,8000,
