,time[ms],pmodel
0,0.0,1.1708299193619367
1,100.0,1.1708299193619367
2,200.0,1.0409147951402553
3,300.0,1.110297322065657
4,400.0,1.3512102657418725
5,500.0,1.3695097284557107
6,600.0,1.3639710631162436
7,700.0,1.3843979464300702
8,800.0,1.2351834916621387
9,900.0,1.2188860480954111
10,1000.0,1.193475948486511
11,1100.0,1.1509084756599646
12,1200.0,1.2993767067710755
13,1300.0,1.3410563692326818
14,1400.0,1.5456245829465654
15,1500.0,1.590073964962333
16,1600.0,1.486478958680272
17,1700.0,0.987892611948718
18,1800.0,1.1328669711875121
19,1900.0,1.0003994953560276
20,2000.0,0.9577240284569305
21,2100.0,0.9371988149788527
22,2200.0,1.033902186598386
23,2300.0,1.1005039365819718
24,2400.0,1.1854724667285965
25,2500.0,1.329231154124459
26,2600.0,1.173758725303391
27,2700.0,1.140447707098192
28,2800.0,1.0395739935437303
29,2900.0,1.093656084726386
30,3000.0,1.011779457245559
31,3100.0,1.1006759213661614
32,3200.0,0.8385892181038045
33,3300.0,0.8805009601593601
34,3400.0,0.8379104966663531
35,3500.0,1.1552104258472116
36,3600.0,0.9485620344604703
37,3700.0,1.0346909796724941
38,3800.0,1.1634373423836646
39,3900.0,0.991736833550208
40,4000.0,1.024340154277056
41,4100.0,1.1524066426722661
42,4200.0,1.096274992954724
43,4300.0,0.9047632392696979
44,4400.0,1.1189264827502505
45,4500.0,1.16173253286445
46,4600.0,1.1489046878124052
47,4700.0,1.2805262512620712
48,4800.0,1.1164003896367634
49,4900.0,1.136942933802159
50,5000.0,1.0372722713431144
51,5100.0,1.0642572436823272
52,5200.0,1.139900767094042
53,5300.0,1.1264449257206817
54,5400.0,1.056245836033927
55,5500.0,1.1206645976332958
56,5600.0,1.0764485828543124
57,5700.0,1.0625134955309852
58,5800.0,1.150940548898408
59,5900.0,0.8688282840327329
60,6000.0,1.1317569805592087
61,6100.0,1.1515882579576373
62,6200.0,1.159847699273893
63,6300.0,0.7285630589391011
64,6400.0,0.695751143641649
65,6500.0,0.777018942665725
66,6600.0,1.2869460375400554
67,6700.0,1.0410467318371524
68,6800.0,0.8040091845524476
69,6900.0,1.1003662710352278
70,7000.0,1.1321128792500321
71,7100.0,0.8953402247280354
72,7200.0,0.871912404613311
73,7300.0,0.8221672680371179
74,7400.0,0.8819061260001372
75,7500.0,0.9422052016667753
76,7600.0,1.2585622102460694
77,7700.0,1.2175672306185596
78,7800.0,1.2346119946580196
79,7900.0,1.1987851519057147
80,,
