,time[ms],pmodel
0,0,1.432290876596491
1,100,1.432290876596491
2,200,1.454308614036103
3,300,1.4608142869957628
4,400,1.4229434244390333
5,500,1.5325641128223446
6,600,1.2492625350895321
7,700,1.3283969168407181
8,800,1.3956410978377352
9,900,1.317699099561795
10,1000,1.3223773243786772
11,1100,1.0006598949401915
12,1200,1.1198562851401932
13,1300,1.152996070347538
14,1400,1.0535897987017142
15,1500,1.0608353103019201
16,1600,0.9540573584713062
17,1700,1.0248105911028418
18,1800,1.1753403733185706
19,1900,1.1613302209461982
20,2000,1.1589290900111333
21,2100,0.9305788279267729
22,2200,0.9200682207415565
23,2300,1.0045441766430026
24,2400,1.1298103687299368
25,2500,1.0421282549512823
26,2600,1.119209790713287
27,2700,0.9790360925368983
28,2800,0.8923908458904768
29,2900,0.8402171859868874
30,3000,0.697523502053861
31,3100,1.1003244945051076
32,3200,1.1437064780679922
33,3300,1.2189262388759863
34,3400,1.2933010967777778
35,3500,1.2887410019698624
36,3600,1.138494429068745
37,3700,1.1131314147415088
38,3800,0.8617537290849652
39,3900,0.8474738161689196
40,4000,0.7778678081991484
41,4100,1.0095300415534463
42,4200,1.2037619396972103
43,4300,1.0347596589365406
44,4400,1.1534422738634191
45,4500,1.2123858395374336
46,4600,1.04473774082018
47,4700,1.1876030704618747
48,4800,1.1021063132840276
49,4900,1.0187347100249031
50,5000,0.9654751709690884
51,5100,1.1775057109904008
52,5200,1.2176914733869202
53,5300,1.12994560846612
54,5400,1.2436001856189929
55,5500,0.9757921539038293
56,5600,1.152882133130125
57,5700,1.1405177571589324
58,5800,1.1892002519437845
59,5900,1.0449618729710615
60,6000,1.0155116079618298
61,6100,0.9440179934902806
62,6200,1.1834444331666667
63,6300,1.078612481173578
64,6400,0.9623543566914406
65,6500,1.0587713735406759
66,6600,1.1089104635788676
67,6700,1.104609060188806
68,6800,1.1410733421864294
69,6900,0.9537189044570694
70,7000,0.9152438110150302
71,7100,0.880117061752219
72,7200,0.9275267142727687
73,7300,1.2037661840092708
74,7400,1.0777311008871613
75,7500,1.1211645460383792
76,7600,1.0855235646049168
77,7700,
78,7800,
79,7900,
80,8000,
