,time[ms],pmodel
0,0,1.244888118761999
1,100,1.244888118761999
2,200,1.2138422515984408
3,300,1.150309067269737
4,400,1.3409254360181704
5,500,1.4623126308525527
6,600,1.457432059056802
7,700,1.4187514492382025
8,800,1.4724695829594974
9,900,1.3152905637685683
10,1000,1.2320964957056297
11,1100,1.1524923932101663
12,1200,1.0328679517295125
13,1300,0.8258738635102462
14,1400,0.812329147330909
15,1500,0.6918514593491304
16,1600,1.2523058348737375
17,1700,0.9319111400884376
18,1800,0.9740993412234537
19,1900,0.9598547244990628
20,2000,0.9932646210130717
21,2100,1.0963804571151514
22,2200,1.0176064541424963
23,2300,0.8381825534027917
24,2400,0.8514667646844211
25,2500,0.8653158574773401
26,2600,0.9987677381789212
27,2700,1.1469123050730383
28,2800,1.123322170511718
29,2900,1.198651766391417
30,3000,1.133854315840475
31,3100,0.8720686746630787
32,3200,0.9543439720666528
33,3300,1.034578752380876
34,3400,0.9894864507894326
35,3500,1.163188769894222
36,3600,1.075014374883902
37,3700,1.2287897758244468
38,3800,1.0067067872117819
39,3900,1.0911119982494148
40,4000,1.1121628946953281
41,4100,1.0322418666806525
42,4200,0.9225397023126233
43,4300,0.9982778276923737
44,4400,1.2223283994465897
45,4500,1.1944032905395132
46,4600,1.1514013065076507
47,4700,0.899073364443604
48,4800,0.8249708171411787
49,4900,0.965941985089186
50,5000,0.8836954069821844
51,5100,1.0798126498946
52,5200,1.2579980707348408
53,5300,1.1882614459059302
54,5400,1.0496769537060606
55,5500,1.0451275261538462
56,5600,1.1040497843381094
57,5700,1.1441850001060607
58,5800,1.2699289080086933
59,5900,1.1623926524473442
60,6000,1.106404358271825
61,6100,1.2128698751902753
62,6200,1.106553845495268
63,6300,0.938659418354748
64,6400,0.9325284820681063
65,6500,0.7312327350250302
66,6600,0.695260724920689
67,6700,0.7597535685877893
68,6800,1.0752597203075895
69,6900,1.11116574449016
70,7000,1.059037930395084
71,7100,1.0450834970559266
72,7200,0.9589277392019447
73,7300,1.1377882924844216
74,7400,1.0822982888034995
75,7500,1.0153925562218191
76,7600,1.0233397451311794
77,7700,0.6262121059175286
78,7800,1.112075810240364
79,7900,
80,8000,
