,time[ms],pmodel
0,0,1.6355673332340253
1,100,1.6355673332340253
2,200,1.4798234260395309
3,300,1.4723313168746057
4,400,1.4799722383648293
5,500,1.4981166096572514
6,600,1.2668214880112387
7,700,1.2288281399364447
8,800,1.3383939810688577
9,900,1.4159936314202213
10,1000,1.0870702279636753
11,1100,1.074568301012918
12,1200,1.1437510454371602
13,1300,1.1123594357916669
14,1400,1.0805187999960082
15,1500,1.0610468022081032
16,1600,1.0923593728605767
17,1700,1.2306189511266723
18,1800,1.1149517069614188
19,1900,1.1902811153105244
20,2000,0.820944880278388
21,2100,0.7948754864730571
22,2200,0.7326039644971821
23,2300,1.0310472262530497
24,2400,1.0165184113324806
25,2500,1.1340241821363635
26,2600,1.055585649880682
27,2700,0.9498820793655842
28,2800,1.1401156189592494
29,2900,1.207838446169807
30,3000,0.8800075655921008
31,3100,0.9167229237587328
32,3200,0.656087706928835
33,3300,1.0255833349669365
34,3400,1.1061785611195054
35,3500,1.13301138021298
36,3600,1.1481823732976988
37,3700,1.0683047966713288
38,3800,1.0133447273756175
39,3900,1.2511493428593683
40,4000,0.9488372178148149
41,4100,1.3092678235966813
42,4200,1.2008276962474747
43,4300,0.8022092335358573
44,4400,0.9590868564823231
45,4500,1.1428253111351667
46,4600,0.9102701386305362
47,4700,1.0160338964965034
48,4800,1.0414247096303733
49,4900,1.1036836616179433
50,5000,0.957266054390766
51,5100,1.0598663278463203
52,5200,1.0365434787280727
53,5300,1.0547875415695418
54,5400,1.1743918854383764
55,5500,1.0866495711464648
56,5600,1.087549649420256
57,5700,1.1781514908219823
58,5800,1.0885343424484102
59,5900,1.0996011928553897
60,6000,0.8809081517080946
61,6100,0.8550547187511416
62,6200,0.8402074112288459
63,6300,0.8684726007014567
64,6400,1.0179739693717647
65,6500,1.1377704118786411
66,6600,1.174307932840705
67,6700,1.2488114074399577
68,6800,1.1115174105111678
69,6900,1.096054967912199
70,7000,1.0817424913136202
71,7100,0.917024071932753
72,7200,0.8487266265992858
73,7300,0.7792558731362125
74,7400,0.794313395084693
75,7500,0.8353476225642253
76,7600,0.9944228623391608
77,7700,1.168561173382118
78,7800,0.9287620612160737
79,7900,
80,8000,
