,time[ms],pmodel
0,0,1.5693160791761906
1,100,1.5693160791761906
2,200,1.4365228117440778
3,300,1.4574330994841453
4,400,1.4228045198664003
5,500,1.4228045198664003
6,600,1.2584041157125543
7,700,1.4868373049823416
8,800,1.1749508915272324
9,900,0.9446040485083044
10,1000,0.857401189616927
11,1100,1.013271114464064
12,1200,1.005633508416084
13,1300,1.0755489819787796
14,1400,1.0652743058440577
15,1500,1.1153282918538903
16,1600,1.0363604873369572
17,1700,0.9581689478051948
18,1800,1.0450355494559886
19,1900,1.0575187627140914
20,2000,0.832497596935356
21,2100,0.7517309887127311
22,2200,1.068884714597023
23,2300,1.0811186227213554
24,2400,0.803013293003696
25,2500,0.8391702876719391
26,2600,0.8108092040574727
27,2700,0.9892605017971071
28,2800,1.1100955037177371
29,2900,0.8774589664766123
30,3000,0.9639985448694369
31,3100,0.9670550764552898
32,3200,0.8941567367308847
33,3300,0.7990224996377235
34,3400,1.2897064297603849
35,3500,0.9808459485529432
36,3600,0.9598691169387351
37,3700,1.0275508542007992
38,3800,1.028569311512654
39,3900,1.0596269681480073
40,4000,0.9168806396580553
41,4100,0.9651461463258085
42,4200,0.8140851062247065
43,4300,1.0499479379204546
44,4400,1.0941974240582906
45,4500,1.0050321579993304
46,4600,1.0274430580757574
47,4700,1.0359824240202018
48,4800,1.1059312357279931
49,4900,1.0200813628125274
50,5000,1.0909220704241664
51,5100,1.1204182839552397
52,5200,1.1238213357160673
53,5300,1.0428271773108233
54,5400,1.1064533210933152
55,5500,1.0394948631018983
56,5600,0.9992173879871794
57,5700,0.9802415592429435
58,5800,1.0186766827056384
59,5900,1.2183812016106592
60,6000,1.0879230047789958
61,6100,0.992621960813317
62,6200,0.7561404211209409
63,6300,1.0821995300459863
64,6400,1.1459676082849617
65,6500,1.066460117769608
66,6600,0.9952186077139934
67,6700,1.1683975290949613
68,6800,1.076168643143688
69,6900,1.1715947453015874
70,7000,1.0213841603409217
71,7100,0.9741420008716007
72,7200,0.8012192167605215
73,7300,0.7087933029418999
74,7400,1.0026717422153628
75,7500,1.1256397073330557
76,7600,0.9182210411651359
77,7700,1.0553293262413912
78,7800,1.0832778293492065
79,7900,0.9065514718473956
80,8000,
