,time[ms],pmodel
0,0,1.4663405806039767
1,100,1.4663405806039767
2,200,1.4280584526704545
3,300,1.350058315548348
4,400,1.3432673398738193
5,500,1.3689722884302675
6,600,1.2356955296339711
7,700,1.226596382800638
8,800,1.1316145945564928
9,900,1.4359888280524475
10,1000,1.2359008815019425
11,1100,1.1932134794290485
12,1200,1.3404304976768384
13,1300,1.0893033636373626
14,1400,1.1250605760390648
15,1500,1.1647197881829148
16,1600,1.1272095814165182
17,1700,1.0341010641430723
18,1800,0.8008571172300075
19,1900,1.061732135188341
20,2000,1.1352873487254982
21,2100,1.0494398097651514
22,2200,1.0953289693333335
23,2300,1.1815716443686872
24,2400,1.1008730803313962
25,2500,1.031765373179459
26,2600,0.998824253628365
27,2700,0.7973368564907177
28,2800,0.9405289711414835
29,2900,0.8817021025439699
30,3000,1.1185013153379595
31,3100,0.9895676336398603
32,3200,1.2364811068336352
33,3300,1.0236930049070039
34,3400,0.866821263098941
35,3500,0.9732907908084233
36,3600,1.0695500672656806
37,3700,0.9941721837449716
38,3800,0.8508443713095746
39,3900,0.7677451932015715
40,4000,0.9542270262806779
41,4100,1.1601323951608395
42,4200,1.0194517567704229
43,4300,1.0743941977223361
44,4400,1.0671989577766698
45,4500,1.1183923951837054
46,4600,0.9637725158327951
47,4700,1.1948489154439756
48,4800,1.172260912637923
49,4900,1.0490173822444229
50,5000,1.0808323948974494
51,5100,1.1728977047219504
52,5200,1.0850708175406676
53,5300,0.9238789787183522
54,5400,1.0683716346104313
55,5500,1.06005323615812
56,5600,1.1376858996313133
57,5700,1.0559666979634619
58,5800,0.8776613847461954
59,5900,0.877488954181814
60,6000,0.8299746712692124
61,6100,1.0967482451338322
62,6200,1.0666145687997273
63,6300,1.0461679870249552
64,6400,1.1621204097986446
65,6500,1.0865934232230852
66,6600,1.0023265824825178
67,6700,1.095759939336621
68,6800,0.7117538645549387
69,6900,0.7384398967036504
70,7000,0.6701061576091792
71,7100,0.998216534817932
72,7200,1.0878393742261072
73,7300,1.0266063709390871
74,7400,1.1069604183587742
75,7500,0.9822625570018974
76,7600,1.2069070881165636
77,7700,1.0531474573055553
78,7800,1.1476240433538325
79,7900,
80,8000,
