,time[ms],pmodel
0,0,1.592393715372475
1,100,1.592393715372475
2,200,1.380570541821581
3,300,1.4933216134453273
4,400,1.4276838473508509
5,500,1.3713429570056772
6,600,1.2130315897227315
7,700,1.1443839493636
8,800,1.1594959707369874
9,900,1.0792967899663974
10,1000,1.2416813464631922
11,1100,1.0850847243492616
12,1200,1.054172279091453
13,1300,1.1848739410816038
14,1400,1.0768862319193664
15,1500,1.2419133687521366
16,1600,1.0181286650273664
17,1700,0.9304017464052525
18,1800,0.6057000908968531
19,1900,0.579687401369146
20,2000,0.5079116105203697
21,2100,1.1095429833593071
22,2200,1.1446982097163123
23,2300,1.1632866471487957
24,2400,0.8796972837347397
25,2500,1.1524838922728842
26,2600,1.151557464263878
27,2700,1.1214044915522878
28,2800,1.3120213626414143
29,2900,1.011268244445973
30,3000,1.04503070077173
31,3100,1.0125487845209244
32,3200,1.1447990895413036
33,3300,0.9799097868564769
34,3400,0.8996390043024586
35,3500,0.9399758377996477
36,3600,1.0066108489819636
37,3700,1.1140226191982325
38,3800,1.0381232352847438
39,3900,0.9243867294478255
40,4000,0.8601413435888295
41,4100,0.8976339198366013
42,4200,0.8975241595544848
43,4300,0.9562146713542209
44,4400,0.9928724364784506
45,4500,1.019237121635454
46,4600,1.0467764314580421
47,4700,1.120820941214565
48,4800,0.9038920443298367
49,4900,1.1523752333953898
50,5000,1.1012313573523702
51,5100,0.9297626565607279
52,5200,1.1782945376309142
53,5300,1.1265848964654963
54,5400,1.0817535227353452
55,5500,0.9918750905217671
56,5600,1.0552113334466098
57,5700,1.0491246728035297
58,5800,1.265802322940989
59,5900,0.9872688024551138
60,6000,1.2398571032828283
61,6100,1.0799108855874122
62,6200,1.134198898064394
63,6300,1.0510833531341799
64,6400,0.9278208069692307
65,6500,1.0080352140609419
66,6600,1.0760648558267887
67,6700,1.1071417739366742
68,6800,1.0093591496439394
69,6900,0.9427046735984848
70,7000,0.7208700420427395
71,7100,1.0478871042400977
72,7200,0.8863626763837926
73,7300,1.0742725637571002
74,7400,1.1743479688418805
75,7500,1.099035385899767
76,7600,1.0698414456058272
77,7700,1.0583814183241436
78,7800,0.8390632661566974
79,7900,
80,8000,
