,time[ms],pmodel
0,0,1.3059648481506674
1,100,1.3059648481506674
2,200,1.2751153252090361
3,300,1.3085905721084345
4,400,1.2982441296257283
5,500,1.2674076149965092
6,600,1.232001013091578
7,700,1.1136867571439395
8,800,1.1542210926304985
9,900,1.1477681654201635
10,1000,1.1128295125620915
11,1100,1.177410334761336
12,1200,1.085104951514682
13,1300,1.3217747379355091
14,1400,1.2427908135559922
15,1500,0.9239569009329338
16,1600,1.086931617092656
17,1700,1.0360450739349205
18,1800,1.0880649724441818
19,1900,1.1839985970192246
20,2000,0.8898813024587162
21,2100,1.289766193864693
22,2200,1.196057323407341
23,2300,1.10888976248158
24,2400,1.076727750757184
25,2500,0.9947686451322381
26,2600,1.1727785210141355
27,2700,1.2261149909587252
28,2800,1.1389769092825652
29,2900,1.0143336971742425
30,3000,1.1015568709465389
31,3100,0.9435346433749029
32,3200,0.9614936000814703
33,3300,1.0546832218725717
34,3400,1.0423252917615988
35,3500,0.9355026798003009
36,3600,0.980594996003033
37,3700,1.0127265546326112
38,3800,0.9459917457109557
39,3900,0.8879856942927183
40,4000,1.1669749269071072
41,4100,1.0488977196155265
42,4200,1.0681977986176676
43,4300,1.0346111239382192
44,4400,1.0456893119051336
45,4500,1.0456893119051336
46,4600,1.0456893119051336
47,4700,1.0456893119051336
48,4800,1.0456893119051336
49,4900,1.0456893119051336
50,5000,1.0093191426324064
51,5100,1.2056400588701535
52,5200,1.0402858793760683
53,5300,1.0133896147373735
54,5400,1.1135921111222657
55,5500,1.228357771059163
56,5600,1.3203125169154708
57,5700,1.1676586606851784
58,5800,1.1103456217321566
59,5900,0.7514763688129027
60,6000,1.0669547942865933
61,6100,1.0929972498029619
62,6200,1.034226719967252
63,6300,1.014323045620921
64,6400,1.0502514002907648
65,6500,0.9731943918765925
66,6600,1.0448642185943875
67,6700,0.972129158677779
68,6800,1.3033828421107856
69,6900,1.1327756651610965
70,7000,1.200054563011364
71,7100,1.1681606773153907
72,7200,1.1082975750179211
73,7300,0.8788298607378626
74,7400,1.0127956005465917
75,7500,0.9084481827137909
76,7600,0.9456454551749766
77,7700,0.9677433504400382
78,7800,0.8188674533946579
79,7900,
80,8000,
