,time[ms],pmodel
0,0,1.481518103122896
1,100,1.481518103122896
2,200,1.4382611282895583
3,300,1.4380326385119884
4,400,1.4277373038108938
5,500,1.3970175205040567
6,600,1.3835567367486497
7,700,1.2476194421517093
8,800,1.2334844407304972
9,900,1.3125871534053029
10,1000,1.2059952513915508
11,1100,1.1950150384447773
12,1200,1.1690493459227072
13,1300,1.0351954916068524
14,1400,1.0666538988162761
15,1500,1.0431724533844795
16,1600,1.0965440632265513
17,1700,0.9915590585834165
18,1800,0.9199419876681676
19,1900,1.0616685640827845
20,2000,0.9720954388628594
21,2100,1.0089396500699301
22,2200,1.1986260930232766
23,2300,1.2133820584797799
24,2400,1.2664916105011654
25,2500,1.083597722680278
26,2600,0.93518586492269
27,2700,1.0052773594420161
28,2800,1.134389408311772
29,2900,1.0039097238088632
30,3000,1.167169195793413
31,3100,0.7590600407624452
32,3200,1.104657119179636
33,3300,1.1213697591418108
34,3400,1.0450312258689443
35,3500,1.122510195796441
36,3600,0.8011753942253893
37,3700,0.8036499078792354
38,3800,0.8036499078792354
39,3900,0.8036499078792354
40,4000,0.8036499078792354
41,4100,0.8036499078792354
42,4200,0.8036499078792354
43,4300,0.8494938051244344
44,4400,0.956517122474359
45,4500,1.2118719332179486
46,4600,1.1796548325184326
47,4700,1.2478484984631297
48,4800,1.194704890837091
49,4900,1.086517621535982
50,5000,1.045988305551945
51,5100,1.095416825128746
52,5200,1.0772808518115915
53,5300,1.06487214183189
54,5400,1.213280215191919
55,5500,1.2997335564873738
56,5600,1.2448960162149545
57,5700,1.2661109211265735
58,5800,1.0863905872348485
59,5900,1.0925810203017976
60,6000,0.9143224315304475
61,6100,0.9633547828376788
62,6200,0.9645246230885226
63,6300,1.1959216177299488
64,6400,1.1378932689909016
65,6500,0.9840622995037444
66,6600,1.086255806636364
67,6700,1.231301771709291
68,6800,1.199810903968678
69,6900,1.0980282516783468
70,7000,0.904784997519117
71,7100,0.898282389722533
72,7200,1.025914911538539
73,7300,1.011911776779181
74,7400,1.0417460106838385
75,7500,1.0680034957862246
76,7600,1.0080161602558042
77,7700,1.1018555441951703
78,7800,1.088995660684704
79,7900,1.0718920814170279
80,8000,0.8844089619744359
