,time[ms],pmodel
0,0,1.161842230989468
1,100,1.161842230989468
2,200,1.3801787958006488
3,300,1.4831692050780383
4,400,1.3096395301453447
5,500,1.2675977885636032
6,600,1.2186594455660575
7,700,1.23830707789798
8,800,1.2380693716595075
9,900,1.178751311961645
10,1000,1.2717324909632035
11,1100,1.216719601904762
12,1200,1.2167059682808858
13,1300,1.16691901013986
14,1400,1.1552089178779044
15,1500,1.1252230207145382
16,1600,1.0222345924545215
17,1700,0.9662289873195894
18,1800,0.9383531367495308
19,1900,0.9042617435416667
20,2000,1.0892614464864918
21,2100,1.2053487305361306
22,2200,1.080587733160646
23,2300,1.0146143140355788
24,2400,0.9448561076645329
25,2500,1.022782682728665
26,2600,0.8876488115450403
27,2700,1.0570988379024175
28,2800,0.9991373643203175
29,2900,1.1942773010039223
30,3000,1.0985197247159868
31,3100,1.1880993225650527
32,3200,1.1253838439923385
33,3300,0.9126179889772024
34,3400,1.2156679315013568
35,3500,1.084055416484051
36,3600,1.1278648202785546
37,3700,1.1372370381251016
38,3800,1.0269304841981581
39,3900,1.0004585269268236
40,4000,0.9170834118940648
41,4100,0.9585513277064778
42,4200,1.1730390991149866
43,4300,1.1811231282454213
44,4400,1.0873060482597814
45,4500,1.0555468941949222
46,4600,1.0716738162097905
47,4700,1.0967517416336605
48,4800,1.0689439250120447
49,4900,1.0709902189426845
50,5000,1.0833616595524065
51,5100,0.9510770852473606
52,5200,1.1418223966229109
53,5300,1.3174294293335165
54,5400,1.2741667290013998
55,5500,1.1696764523648326
56,5600,1.257795360578196
57,5700,1.0322761258272335
58,5800,1.092834857534874
59,5900,1.079184952867724
60,6000,1.0276492580506478
61,6100,0.9926807056464647
62,6200,1.1183670975000002
63,6300,1.235998681885937
64,6400,1.1077590811025644
65,6500,0.9283022916986993
66,6600,0.9556083628258741
67,6700,1.0260098911565088
68,6800,1.0205454674991814
69,6900,0.9645133221839207
70,7000,0.9124077402623522
71,7100,1.1043770282961791
72,7200,1.0212267775097295
73,7300,0.9867352496509324
74,7400,1.0852170135781534
75,7500,1.0538735045417593
76,7600,1.0795170444470026
77,7700,1.0173530874597598
78,7800,
79,7900,
80,8000,
