,time[ms],pmodel
0,0,1.4495411844176447
1,100,1.4495411844176447
2,200,1.2513751537121212
3,300,1.409187175621212
4,400,1.2329765780888278
5,500,1.2919780321304324
6,600,1.2923260779945234
7,700,1.2704503041969413
8,800,1.404318948445836
9,900,1.2499112767893532
10,1000,1.229507934571703
11,1100,1.3279776849156897
12,1200,1.2438877895328284
13,1300,1.231425630542342
14,1400,0.9082915720239557
15,1500,0.9237802689974747
16,1600,0.98396054052355
17,1700,1.1115998192307206
18,1800,0.9795978180645982
19,1900,0.9578118266573704
20,2000,1.1493112584565068
21,2100,1.1082886077746519
22,2200,1.0804472921242154
23,2300,1.199022798886158
24,2400,0.9787649601187912
25,2500,1.056093262686101
26,2600,1.018038842872003
27,2700,1.0661349253323151
28,2800,1.108239835891963
29,2900,1.0086052105968513
30,3000,0.8618085697089464
31,3100,0.8409872622935697
32,3200,0.9050813755349926
33,3300,0.9336415030518649
34,3400,1.0505464837352942
35,3500,1.0412070595092224
36,3600,1.0839631933971292
37,3700,1.0680377400525112
38,3800,1.1794663033094195
39,3900,1.0322869561246866
40,4000,0.8955093534486626
41,4100,0.6882160944781891
42,4200,0.672193867852926
43,4300,0.5862884680872118
44,4400,1.1489592015572052
45,4500,1.1928990531125838
46,4600,1.0363385066950324
47,4700,1.2198453683791208
48,4800,0.948242785510275
49,4900,1.1702689833785866
50,5000,1.1782992271784583
51,5100,1.184754560477971
52,5200,1.0135104314504502
53,5300,0.9292044016237849
54,5400,1.0915060742881404
55,5500,1.0126981201338356
56,5600,1.0353950786779809
57,5700,1.1077681197030285
58,5800,1.0174364045588238
59,5900,0.9007238806280754
60,6000,1.0777931346488927
61,6100,0.7649562117626965
62,6200,0.8654157197045071
63,6300,0.8702370270760895
64,6400,0.9922715504287222
65,6500,0.8948351457481408
66,6600,1.0543346508329892
67,6700,1.0501458790973133
68,6800,1.2482513868014076
69,6900,1.147151581292282
70,7000,1.2418178229134256
71,7100,1.049769064833049
72,7200,1.016295680345194
73,7300,0.9996898031542304
74,7400,0.9556729926464415
75,7500,0.8234036540626485
76,7600,0.9924504224104033
77,7700,1.0145606811569543
78,7800,0.8914708176035352
79,7900,1.0544971284169926
80,8000,
