,time[ms],pmodel
0,0,1.461042608324747
1,100,1.461042608324747
2,200,1.0285511160233773
3,300,1.113895915860124
4,400,1.1844770293620828
5,500,0.9388735612413467
6,600,1.421819178661456
7,700,1.4502495888435831
8,800,1.4616543781898992
9,900,1.3314124634844844
10,1000,1.0530950274910285
11,1100,1.1181494743105742
12,1200,1.4754841450000002
13,1300,1.1832813067079515
14,1400,1.2901047361244418
15,1500,1.1014006509160246
16,1600,1.1033616835576598
17,1700,0.8843721340512821
18,1800,0.9679709156043771
19,1900,0.8301790423386075
20,2000,0.7724654063472035
21,2100,0.7754604233299621
22,2200,0.9474065527324389
23,2300,1.160550436050035
24,2400,1.1972346288460711
25,2500,1.0976643574240654
26,2600,1.1482518022887604
27,2700,1.1905175738958356
28,2800,1.1959800679898143
29,2900,1.1605961343363234
30,3000,0.9450029390578898
31,3100,0.720274457727387
32,3200,0.7948919001074931
33,3300,0.8234686558298939
34,3400,0.9732053246543412
35,3500,1.0268884629444766
36,3600,1.0280580984829157
37,3700,1.0855715843750642
38,3800,1.0410179098743586
39,3900,1.1904275117400935
40,4000,1.015678847822067
41,4100,0.9163768173692752
42,4200,0.8960500878168987
43,4300,0.7963510414074072
44,4400,0.9103460806825953
45,4500,1.0991673082859026
46,4600,0.9407699824329651
47,4700,1.145556440838384
48,4800,1.4753068242728458
49,4900,1.0170668777917635
50,5000,1.233250580814031
51,5100,0.9759065777656623
52,5200,1.116660017572261
53,5300,1.0008794074493008
54,5400,1.1054997961270678
55,5500,1.1127576478331442
56,5600,1.258759418377823
57,5700,1.0821114656292194
58,5800,1.3052193486666668
59,5900,1.0125124128977272
60,6000,1.132400759127131
61,6100,0.9830007860140614
62,6200,0.9617436949315618
63,6300,0.8519539393095782
64,6400,1.0993897322747035
65,6500,1.1101639348073498
66,6600,0.9430123120010755
67,6700,1.172874889903134
68,6800,1.1696589811374078
69,6900,1.1970971660680982
70,7000,0.9027997303962703
71,7100,0.9789332508572411
72,7200,0.8924255123224638
73,7300,0.9255979461497976
74,7400,0.8199304345368943
75,7500,0.938368556514265
76,7600,1.0706172680147632
77,7700,1.0767719772460542
78,7800,1.121173254245626
79,7900,1.0733046877750452
80,8000,1.18183654095931
