,time[ms],pmodel
0,0.0,1.4293757218669927
1,100.0,1.4293757218669927
2,200.0,1.2028940156390262
3,300.0,1.3095974679101454
4,400.0,1.1991114444577042
5,500.0,1.3663176866842401
6,600.0,1.3971678399299425
7,700.0,1.3595548131926836
8,800.0,1.2458918708695808
9,900.0,1.1381797333312593
10,1000.0,1.4081823665812592
11,1100.0,1.4800393288940672
12,1200.0,1.4796768644293916
13,1300.0,1.45755696690102
14,1400.0,0.9485276958558809
15,1500.0,0.9015381382514153
16,1600.0,0.9870017839565336
17,1700.0,0.9570956393928628
18,1800.0,0.729766016276221
19,1900.0,0.7646684189171881
20,2000.0,0.8257329719440953
21,2100.0,0.9489451085483266
22,2200.0,1.215935487826159
23,2300.0,1.2040576559165235
24,2400.0,1.0042523727797206
25,2500.0,0.9719274901286868
26,2600.0,1.0930921736556973
27,2700.0,0.9417573171193514
28,2800.0,0.7001717261745185
29,2900.0,0.6115192234848633
30,3000.0,0.6639090984150949
31,3100.0,0.9608685782868799
32,3200.0,1.0084119862830305
33,3300.0,1.0386436105303032
34,3400.0,1.1447407413400388
35,3500.0,1.240955251984849
36,3600.0,0.969876875117209
37,3700.0,1.1367444190178255
38,3800.0,0.6658368029601357
39,3900.0,0.5149029303285567
40,4000.0,0.5149029303285567
41,4100.0,0.5508647777410354
42,4200.0,0.9000743453628595
43,4300.0,1.1356487752214455
44,4400.0,1.102706071581983
45,4500.0,0.950576501700109
46,4600.0,1.0136205414116506
47,4700.0,1.0299942459395077
48,4800.0,1.18645254443007
49,4900.0,1.144173458097257
50,5000.0,1.0928940151206397
51,5100.0,1.1588885116381658
52,5200.0,1.0985920133865026
53,5300.0,1.1705433539704648
54,5400.0,1.0865855231888113
55,5500.0,1.2741290278802264
56,5600.0,1.0471029267012395
57,5700.0,0.9835810207403118
58,5800.0,0.9744128888641183
59,5900.0,0.9593188585729487
60,6000.0,1.2092553141559117
61,6100.0,1.0040483955157304
62,6200.0,1.000620179130773
63,6300.0,1.01929107360976
64,6400.0,0.8515255800689536
65,6500.0,1.0365893110141333
66,6600.0,1.212099893874556
67,6700.0,1.206583795378788
68,6800.0,1.2707871430328281
69,6900.0,1.1169619220897897
70,7000.0,1.150106270143601
71,7100.0,1.1206584125707937
72,7200.0,1.064514418723268
73,7300.0,0.9451921645712801
74,7400.0,0.9387447668412857
75,7500.0,0.8947763341646311
76,7600.0,0.894401934470512
77,7700.0,0.95281212167322
78,7800.0,0.806266293251507
79,7900.0,1.1263004149459777
80,,
