,time[ms],pmodel
0,0,1.3567529933751357
1,100,1.3567529933751357
2,200,1.3254951453569195
3,300,1.0824770998585858
4,400,0.8553249073590529
5,500,1.0099498467072427
6,600,1.407429965660563
7,700,1.3287716986459683
8,800,1.3364299624386828
9,900,1.202390013304059
10,1000,1.4619549866370853
11,1100,0.9932690042162206
12,1200,0.9112156844929561
13,1300,0.5875278385059519
14,1400,0.39004285423653046
15,1500,0.39004285423653046
16,1600,0.39004285423653046
17,1700,0.4440526333418695
18,1800,1.2899988933244755
19,1900,1.044556365845808
20,2000,1.053507011111646
21,2100,1.0668895288136864
22,2200,1.0978478761983124
23,2300,1.1276601267298814
24,2400,1.103477127070707
25,2500,0.9021085939021541
26,2600,0.5896559280567724
27,2700,0.6232126977879562
28,2800,0.6484216902090089
29,2900,1.0909788613239821
30,3000,1.0982687962279694
31,3100,0.9934636224432672
32,3200,1.148602019206137
33,3300,0.9713332200467896
34,3400,0.8415590857835301
35,3500,0.8747142544242299
36,3600,1.0982036656534886
37,3700,0.8473315541756854
38,3800,0.7780734682873206
39,3900,0.9178889450625706
40,4000,1.1651158039300697
41,4100,1.0247727184611035
42,4200,1.0004598079783427
43,4300,1.0467125238850867
44,4400,1.167720466566288
45,4500,1.1374061003387235
46,4600,1.3197160813426572
47,4700,0.9771476276712506
48,4800,0.6445300546438544
49,4900,1.2907613844927086
50,5000,1.0451432202172253
51,5100,1.1285802183883087
52,5200,1.2767640163696314
53,5300,1.2414458639153603
54,5400,1.0568488992130205
55,5500,1.1471955883101508
56,5600,1.0793998445059843
57,5700,1.1478186667877668
58,5800,0.9707910434317762
59,5900,1.1415616964901152
60,6000,1.0830378312222222
61,6100,1.0673329515869248
62,6200,1.1039315626540338
63,6300,0.9798672172803503
64,6400,1.0890059596998833
65,6500,1.2072659653313478
66,6600,1.153247234674521
67,6700,1.0701253216268096
68,6800,1.0317643875974474
69,6900,0.9404339048515458
70,7000,1.1523346170071012
71,7100,1.0413172548712915
72,7200,1.1460542825512818
73,7300,1.131460193731602
74,7400,1.0961689712575176
75,7500,1.1950318376639348
76,7600,1.0656638330835544
77,7700,
78,7800,
79,7900,
80,8000,
