,time[ms],pmodel
0,0,1.3149525763930696
1,100,1.3149525763930696
2,200,0.8910554180091267
3,300,0.9429835702060964
4,400,1.1335304832713007
5,500,1.072181093530303
6,600,1.0237695032968062
7,700,0.9968247113586063
8,800,0.8724449202908935
9,900,1.2042825950719633
10,1000,1.0688851777727275
11,1100,1.1195436915722614
12,1200,1.3519408869732077
13,1300,1.2139990644230552
14,1400,1.3676875720551949
15,1500,1.249441745194106
16,1600,1.3517490037929294
17,1700,1.3736749040089093
18,1800,1.3824414178774407
19,1900,1.335259226655063
20,2000,1.5066814412741785
21,2100,1.3807445836680543
22,2200,1.287106536596657
23,2300,1.4111380457621938
24,2400,1.3123961114905534
25,2500,1.263588385596087
26,2600,1.0581238950436722
27,2700,1.107500441294575
28,2800,1.0781819504946526
29,2900,0.9496050585410066
30,3000,1.1804398041781452
31,3100,1.2119714423480241
32,3200,1.1850463918293865
33,3300,1.2968954859592365
34,3400,1.146790878276882
35,3500,1.2084690759902599
36,3600,1.3388055815653792
37,3700,1.1568193342560318
38,3800,0.9933895912563687
39,3900,0.9928939036010104
40,4000,1.1274796644725273
41,4100,1.3081059070714285
42,4200,1.201010458566556
43,4300,1.226398833733049
44,4400,1.1463038145416968
45,4500,1.1834663034643778
46,4600,1.2678533279529351
47,4700,0.9860549905714427
48,4800,0.9590223781719117
49,4900,1.0942503565128208
50,5000,1.131250556631917
51,5100,1.0968616815415646
52,5200,1.2272470117382617
53,5300,1.1078400094072665
54,5400,1.1506749716042477
55,5500,1.2261653865830588
56,5600,1.4010868067316316
57,5700,1.0855213533349377
58,5800,1.1699420219874352
59,5900,0.9850416703906223
60,6000,1.1882992669853842
61,6100,1.1486355112432012
62,6200,1.1854355241904369
63,6300,1.0960894724153625
64,6400,1.0943457158827061
65,6500,0.9436228128111255
66,6600,1.0196802099808422
67,6700,1.2229947541697577
68,6800,1.0665685209210714
69,6900,0.937582587234999
70,7000,1.0758478001363634
71,7100,0.996452164193982
72,7200,1.0432031452921087
73,7300,1.0981608002758354
74,7400,1.13979144899367
75,7500,1.2319109379287383
76,7600,1.2714142064123557
77,7700,1.3045798369610395
78,7800,1.0508640321212122
79,7900,1.2054584061859743
80,8000,
