,time[ms],pmodel
0,0,1.4878581885835085
1,100,1.4878581885835085
2,200,1.1032394370750804
3,300,1.0974170838259325
4,400,0.9258098257404817
5,500,1.029248300538844
6,600,1.1313651599804442
7,700,0.9258738795714285
8,800,0.8014471300431267
9,900,1.1636217948602483
10,1000,1.3826218206808747
11,1100,1.2607261778707488
12,1200,1.3901217149717686
13,1300,1.4075251153198511
14,1400,1.3473514794816852
15,1500,1.275225690227273
16,1600,1.0291004733688855
17,1700,1.057440994264479
18,1800,1.00501298967357
19,1900,0.9982968987389605
20,2000,1.1666630318493323
21,2100,0.8973008357827377
22,2200,0.9977704643903363
23,2300,1.009344626201325
24,2400,1.1740905100209789
25,2500,0.8995887148253752
26,2600,1.0572943070028993
27,2700,1.042892680985482
28,2800,0.8571647782109119
29,2900,0.7552107023983751
30,3000,0.9347968600027472
31,3100,1.0336527325077394
32,3200,1.039672007930403
33,3300,1.113310459358411
34,3400,1.0657058830244757
35,3500,1.087500770433679
36,3600,1.126651879257576
37,3700,1.1491183187427878
38,3800,0.9785722727648064
39,3900,0.833351804947995
40,4000,0.7312752168555136
41,4100,0.9962641637268285
42,4200,0.9006157244257508
43,4300,0.8312468376361237
44,4400,0.9606420958077021
45,4500,1.1546548568113173
46,4600,1.0161755944027777
47,4700,1.119912863834374
48,4800,1.1697300806628785
49,4900,1.2040097067330162
50,5000,1.5270891590810014
51,5100,0.9727092990850464
52,5200,1.2047955238263124
53,5300,1.1072499138579905
54,5400,1.2055222463068245
55,5500,1.143468700747532
56,5600,1.169384248466387
57,5700,1.1310508390778389
58,5800,1.069259060798431
59,5900,1.0274469804057946
60,6000,0.6854957676306734
61,6100,1.008187282431011
62,6200,0.9906448258231885
63,6300,1.0211669177059872
64,6400,0.9148412333172091
65,6500,1.205188370648019
66,6600,1.1057438039770835
67,6700,1.254114303416816
68,6800,1.0100094562158812
69,6900,1.2305221119157643
70,7000,1.0939594929193128
71,7100,1.1649323161321
72,7200,1.1063392349047834
73,7300,1.1718880590196674
74,7400,1.04671756845141
75,7500,1.1438765571381007
76,7600,0.8895884423961893
77,7700,
78,7800,
79,7900,
80,8000,
