,time[ms],pmodel
0,0,1.4321580460582752
1,100,1.4321580460582752
2,200,1.4792906950100297
3,300,1.3100280727499216
4,400,1.226066051811594
5,500,1.3020735088116884
6,600,1.117826173993972
7,700,1.2810939458936899
8,800,1.3004265393213519
9,900,1.2110289475906564
10,1000,1.2885722483567044
11,1100,1.2883788721262088
12,1200,1.3666498916323992
13,1300,1.3861479924432234
14,1400,1.4498911702667647
15,1500,1.121269236852183
16,1600,1.444615068980843
17,1700,1.2906213655631382
18,1800,1.1682368281158229
19,1900,1.077106777212085
20,2000,0.9697842174923211
21,2100,0.9715356884983163
22,2200,1.0168025493567252
23,2300,0.9203155008661076
24,2400,0.9778173518386867
25,2500,1.055397374139749
26,2600,1.166325856377345
27,2700,1.2421830744534823
28,2800,1.0745671072424243
29,2900,1.1605190091343434
30,3000,0.9561805141764536
31,3100,1.086442525885004
32,3200,1.0470606909329687
33,3300,1.1234747614196081
34,3400,1.0828161551252045
35,3500,1.0251456050720553
36,3600,0.8883357051388467
37,3700,0.9722210238393959
38,3800,1.071465320149863
39,3900,1.1926829683627704
40,4000,0.9925094506126314
41,4100,1.0789456660590995
42,4200,0.6437383609656815
43,4300,0.7282540395640942
44,4400,0.730578824576161
45,4500,0.730578824576161
46,4600,0.730578824576161
47,4700,0.730578824576161
48,4800,0.730578824576161
49,4900,0.730578824576161
50,5000,0.730578824576161
51,5100,0.730578824576161
52,5200,0.730578824576161
53,5300,0.730578824576161
54,5400,0.730578824576161
55,5500,0.730578824576161
56,5600,0.730578824576161
57,5700,0.730578824576161
58,5800,0.730578824576161
59,5900,0.730578824576161
60,6000,0.730578824576161
61,6100,0.730578824576161
62,6200,0.730578824576161
63,6300,0.730578824576161
64,6400,0.730578824576161
65,6500,0.730578824576161
66,6600,0.730578824576161
67,6700,0.730578824576161
68,6800,0.730578824576161
69,6900,0.730578824576161
70,7000,0.730578824576161
71,7100,0.730578824576161
72,7200,0.730578824576161
73,7300,0.730578824576161
74,7400,0.730578824576161
75,7500,0.730578824576161
76,7600,0.730578824576161
77,7700,0.730578824576161
78,7800,0.705269312603134
79,7900,0.705269312603134
80,8000,
