,time[ms],pmodel
0,0,1.4626849277789313
1,100,1.4626849277789313
2,200,1.1379472513174607
3,300,0.9822455133586915
4,400,1.1169294888705021
5,500,0.8689245580821202
6,600,1.1451052213820332
7,700,1.1256271043651456
8,800,1.1198790468852602
9,900,1.1283749397974443
10,1000,1.2184786078097032
11,1100,1.2179827508055996
12,1200,1.2949625647092198
13,1300,1.3658428142464842
14,1400,1.4362007484877601
15,1500,1.2883415336160016
16,1600,1.2319544587532554
17,1700,1.16160523049142
18,1800,1.2641186231920636
19,1900,1.1427268529476846
20,2000,1.1824430123036644
21,2100,0.9271703884540045
22,2200,0.9458647163696449
23,2300,0.8690360198554019
24,2400,1.165261212934046
25,2500,1.0943005538559993
26,2600,1.1049456919425023
27,2700,1.1683143524972928
28,2800,1.1063535281775447
29,2900,0.960900467134746
30,3000,1.0751369247333868
31,3100,0.9560431023068398
32,3200,0.7858295668262982
33,3300,0.7195315176666668
34,3400,0.6365253308593835
35,3500,1.1109660156616719
36,3600,1.0928117483643542
37,3700,0.9206301018324458
38,3800,1.0829447251181805
39,3900,1.0992496577078477
40,4000,1.2568154680073813
41,4100,1.221273948257254
42,4200,0.7267371614649263
43,4300,0.7199975004767368
44,4400,0.7790865258381846
45,4500,0.8140525192710191
46,4600,0.8805534439170462
47,4700,0.939253491674911
48,4800,1.05437478701133
49,4900,1.2750728739523702
50,5000,1.1310198065003951
51,5100,0.869019517045909
52,5200,1.006066944992214
53,5300,1.0844613243305323
54,5400,1.042768505512989
55,5500,1.075876534752381
56,5600,1.178424095352152
57,5700,1.140465939378493
58,5800,0.9233792579819482
59,5900,1.1528046557688145
60,6000,1.2894365579683482
61,6100,1.1903166380045556
62,6200,1.1041374875075758
63,6300,1.083891260621599
64,6400,1.172105862259948
65,6500,0.9996344527751168
66,6600,1.0594829381657624
67,6700,1.073397907593857
68,6800,1.1157334162444195
69,6900,1.0237956605243657
70,7000,1.2034449214596874
71,7100,1.112812838360258
72,7200,0.957258670137486
73,7300,0.9965278596871537
74,7400,1.0255733427813851
75,7500,1.1918587825863112
76,7600,1.0773465573657588
77,7700,1.1747269855762514
78,7800,1.1571064395783197
79,7900,
80,8000,
