,time[ms],pmodel
0,0,1.5151408403536792
1,100,1.5151408403536792
2,200,1.5087777063321126
3,300,1.4751612713106073
4,400,1.3126540899540458
5,500,1.0806053486324925
6,600,0.6818196661493611
7,700,0.9761728303688649
8,800,1.0691130854235502
9,900,1.0691130854235502
10,1000,1.6106235735674894
11,1100,1.4545156166087119
12,1200,1.1847045446160323
13,1300,1.2038797140290747
14,1400,1.1285337866794318
15,1500,1.215837406381588
16,1600,1.177837032072797
17,1700,1.1591050081136367
18,1800,1.0922096497788605
19,1900,0.8367413790866202
20,2000,1.0257147775012734
21,2100,0.8858396163858889
22,2200,0.8678547081833237
23,2300,1.0709496819443367
24,2400,1.0820614948405591
25,2500,1.108880785566284
26,2600,1.0143254537144522
27,2700,0.9906240042385622
28,2800,1.0342817895346346
29,2900,0.8136728576707087
30,3000,0.744726083100478
31,3100,0.7967636761786215
32,3200,1.1314320863159053
33,3300,1.1341200981165502
34,3400,1.0960958423571427
35,3500,1.0898595113069405
36,3600,1.118788638794872
37,3700,1.0621892931755084
38,3800,1.0016988216811584
39,3900,0.7882068203121647
40,4000,0.7587704485677981
41,4100,0.7010085285140992
42,4200,1.148585311915307
43,4300,1.035484753510823
44,4400,0.8737940867745589
45,4500,1.0277277996509073
46,4600,1.066876965331459
47,4700,1.186996054490495
48,4800,1.1564482096704904
49,4900,1.099540398817664
50,5000,1.4762804248450605
51,5100,1.3438097134417117
52,5200,1.2259966240760232
53,5300,1.1159733298776624
54,5400,0.9430448622368653
55,5500,0.8990937640055575
56,5600,1.0273405335965187
57,5700,0.9704299787674805
58,5800,1.240290623943518
59,5900,0.9259807797803308
60,6000,0.829927403276045
61,6100,0.810291092034588
62,6200,0.9237763222083332
63,6300,1.1848473966070845
64,6400,1.0566535765243743
65,6500,1.227677457935315
66,6600,1.0462959704060606
67,6700,1.0923614154369177
68,6800,0.9137671142584499
69,6900,1.1297246180700968
70,7000,1.1589586418707034
71,7100,1.1622291773390012
72,7200,0.9265059847152621
73,7300,0.968234796873341
74,7400,1.007174936355026
75,7500,0.9709607619211159
76,7600,1.01458614976598
77,7700,1.0249120846617767
78,7800,1.0588803103831759
79,7900,
80,8000,
