,time[ms],pmodel
0,0.0,1.332082120736085
1,100.0,1.332082120736085
2,200.0,1.0629414440405918
3,300.0,1.0629414440405918
4,400.0,0.9853794154523564
5,500.0,1.2292573309646464
6,600.0,0.9681018232126063
7,700.0,1.0858549863829445
8,800.0,1.0661441839205401
9,900.0,1.402751814468326
10,1000.0,1.4224944263056551
11,1100.0,1.3706677715404463
12,1200.0,1.3718869549541681
13,1300.0,1.2092717515643652
14,1400.0,1.3114899544453924
15,1500.0,1.1199060232144182
16,1600.0,1.4244305917634033
17,1700.0,1.2767574806299749
18,1800.0,1.0615172365949146
19,1900.0,1.047955037671624
20,2000.0,1.023740859598814
21,2100.0,1.03164009663986
22,2200.0,0.9927288341626413
23,2300.0,1.0503513239940738
24,2400.0,0.9884554254535057
25,2500.0,1.043656256453506
26,2600.0,0.9445255497723666
27,2700.0,0.8022374160241265
28,2800.0,0.9124874874115628
29,2900.0,1.066655427972028
30,3000.0,0.9382944112529421
31,3100.0,1.046401711121212
32,3200.0,0.9375360806992052
33,3300.0,1.1853368626129699
34,3400.0,0.7188240152502173
35,3500.0,0.6782388123911264
36,3600.0,0.7007693864157533
37,3700.0,0.9468539654115725
38,3800.0,0.9630600854535393
39,3900.0,1.251920476628102
40,4000.0,1.004740427339713
41,4100.0,1.0249937540025509
42,4200.0,1.1076956545759291
43,4300.0,0.910137356214658
44,4400.0,1.155752386781291
45,4500.0,1.0343830848331783
46,4600.0,1.1520415374953301
47,4700.0,1.0059244199144728
48,4800.0,0.9312822027482517
49,4900.0,0.9731322871958042
50,5000.0,1.2329524036329422
51,5100.0,1.0619349327229246
52,5200.0,1.1242431474822694
53,5300.0,1.0733866740260027
54,5400.0,0.9910465437751553
55,5500.0,0.9379285865535634
56,5600.0,0.9341664868700592
57,5700.0,0.9428874448650005
58,5800.0,1.0614319976061073
59,5900.0,1.1305953109346225
60,6000.0,0.9788333358325093
61,6100.0,1.099403866395268
62,6200.0,1.0304830801669649
63,6300.0,1.0404071105779567
64,6400.0,1.1499209759537035
65,6500.0,1.0642819356276734
66,6600.0,0.7872502098824555
67,6700.0,1.0033216428861054
68,6800.0,1.230735412966061
69,6900.0,1.0137937022316907
70,7000.0,1.0794437161119674
71,7100.0,0.8977959760092094
72,7200.0,1.0068475036588747
73,7300.0,0.8125930889345991
74,7400.0,0.9663250209763815
75,7500.0,0.9630085614002212
76,7600.0,1.1150186979990777
77,7700.0,0.7853951125373085
78,7800.0,0.9031832288796875
79,7900.0,0.8204955468566434
80,,
