,time[ms],pmodel
0,0,1.520389915684524
1,100,1.520389915684524
2,200,1.1521617349583444
3,300,1.0829855610439343
4,400,0.7380386874702155
5,500,0.979432269827541
6,600,0.9792314579223874
7,700,1.1453132045497263
8,800,1.4278240313033153
9,900,1.4750496306207794
10,1000,1.4681831783870498
11,1100,1.316865621255356
12,1200,1.2771057727987012
13,1300,1.4480344137787693
14,1400,1.355299799166667
15,1500,1.1644041554019142
16,1600,1.190832164529506
17,1700,1.2641319623620366
18,1800,1.3619967077215427
19,1900,1.4216481586420806
20,2000,1.4670732030755653
21,2100,1.269217870633645
22,2200,1.1361052771472364
23,2300,1.1151468677414251
24,2400,1.2418540582671054
25,2500,1.2308716725824072
26,2600,1.0175634809519756
27,2700,0.9853271760601628
28,2800,1.013227868711871
29,2900,1.2942796164305497
30,3000,1.2882531952335796
31,3100,1.1589811533901515
32,3200,1.1590937992095958
33,3300,1.0342313011583575
34,3400,1.0854929307348482
35,3500,1.103603463086964
36,3600,1.1661041116848523
37,3700,1.0314836433034547
38,3800,1.039569825863826
39,3900,1.1165089677099798
40,4000,1.1373419250592973
41,4100,1.0273904099998323
42,4200,1.0217273887846794
43,4300,1.125459087906675
44,4400,1.0553507711833445
45,4500,1.06626682121561
46,4600,0.8722438576424877
47,4700,1.1700042553014458
48,4800,1.3181693162652617
49,4900,1.1873516650431886
50,5000,1.3393686989131703
51,5100,1.0389582615138004
52,5200,1.2618585369832367
53,5300,1.2209549478316464
54,5400,1.024930035233421
55,5500,1.2463241953281865
56,5600,0.9966164665304608
57,5700,1.1152061979023578
58,5800,0.9463513167575154
59,5900,1.1470374893257786
60,6000,0.9787995815108262
61,6100,1.041809977160062
62,6200,0.8690505824610203
63,6300,1.1645117337602326
64,6400,1.1528450622535176
65,6500,1.154912553203371
66,6600,1.0276125222610726
67,6700,1.1723587627806467
68,6800,0.7363178961787183
69,6900,0.7330732514191796
70,7000,0.6119871907091465
71,7100,1.0461476170545456
72,7200,1.114616291555698
73,7300,1.2357437174128791
74,7400,0.9813749015670551
75,7500,1.1948859578585083
76,7600,1.1443851981627748
77,7700,
78,7800,
79,7900,
80,8000,
