,time[ms],pmodel
0,0.0,1.5437893789869936
1,100.0,1.5437893789869936
2,200.0,1.4207952815023792
3,300.0,1.2919851669607478
4,400.0,1.2422802699806166
5,500.0,1.4836336441671616
6,600.0,1.3379298844424161
7,700.0,1.4060369887555981
8,800.0,1.4303955699481148
9,900.0,1.3660355677624665
10,1000.0,1.3728619281146028
11,1100.0,1.5343524530351935
12,1200.0,1.212606577395713
13,1300.0,1.1790388257402147
14,1400.0,1.2373215465708016
15,1500.0,1.1600066565049358
16,1600.0,1.0294448980623465
17,1700.0,0.5597299027059643
18,1800.0,0.6251545437090781
19,1900.0,0.7290530996970584
20,2000.0,0.7290530996970584
21,2100.0,0.7290530996970584
22,2200.0,0.7290530996970584
23,2300.0,0.7290530996970584
24,2400.0,0.7290530996970584
25,2500.0,0.7290530996970584
26,2600.0,0.7290530996970584
27,2700.0,0.7290530996970584
28,2800.0,0.7290530996970584
29,2900.0,0.7290530996970584
30,3000.0,0.7290530996970584
31,3100.0,0.7290530996970584
32,3200.0,0.7290530996970584
33,3300.0,0.7290530996970584
34,3400.0,0.7290530996970584
35,3500.0,0.7290530996970584
36,3600.0,0.7290530996970584
37,3700.0,0.7290530996970584
38,3800.0,0.7290530996970584
39,3900.0,0.7290530996970584
40,4000.0,0.7290530996970584
41,4100.0,0.7290530996970584
42,4200.0,0.7290530996970584
43,4300.0,0.7290530996970584
44,4400.0,0.7290530996970584
45,4500.0,0.7290530996970584
46,4600.0,0.7290530996970584
47,4700.0,0.7290530996970584
48,4800.0,0.7290530996970584
49,4900.0,0.7290530996970584
50,5000.0,0.7290530996970584
51,5100.0,0.7290530996970584
52,5200.0,0.7290530996970584
53,5300.0,0.7290530996970584
54,5400.0,0.7290530996970584
55,5500.0,0.7251148211714175
56,5600.0,0.9959106500739202
57,5700.0,1.2465170207400935
58,5800.0,0.9853144927736114
59,5900.0,1.0946602371357073
60,6000.0,1.1378491620291706
61,6100.0,0.978978512918368
62,6200.0,1.1114029302307542
63,6300.0,0.7670674261496866
64,6400.0,0.8031713424163093
65,6500.0,0.7178540323482275
66,6600.0,1.0420257337696723
67,6700.0,0.9464551749282204
68,6800.0,1.0525715451877597
69,6900.0,1.0623826077256497
70,7000.0,1.2536169838374809
71,7100.0,1.084007967429137
72,7200.0,1.0434378120593486
73,7300.0,0.8572676238342621
74,7400.0,0.9524505256339607
75,7500.0,1.0627493639276113
76,7600.0,0.7598523281763943
77,7700.0,1.185376183524729
78,7800.0,1.0353616157157872
79,7900.0,
80,,
