,time[ms],pmodel
0,0,1.5128635799402832
1,100,1.5128635799402832
2,200,1.5248621489159642
3,300,1.4668862556074638
4,400,1.5344064082583757
5,500,1.547019790824455
6,600,1.5269404249297764
7,700,1.363297703415307
8,800,1.2842858840238933
9,900,1.261366007301398
10,1000,1.1438555772560517
11,1100,1.2490966267306471
12,1200,1.0890005149746256
13,1300,1.1801356707768234
14,1400,1.2267762169434073
15,1500,1.1242899893901206
16,1600,1.1089818579045647
17,1700,1.1476248867646883
18,1800,1.059229835064694
19,1900,1.0805219180402332
20,2000,1.0845295441998424
21,2100,0.9666486240089903
22,2200,1.0907218977445354
23,2300,1.1480612598109383
24,2400,1.1437251402774415
25,2500,1.1476198474311787
26,2600,1.1196570755247328
27,2700,1.113494243470849
28,2800,1.120487511841751
29,2900,1.1455688842343612
30,3000,0.9490917235800808
31,3100,0.7737340902774806
32,3200,0.8692596134835319
33,3300,1.0882929951549882
34,3400,0.8977422140078671
35,3500,1.0992949172186601
36,3600,1.0593391652578807
37,3700,1.0974777787057386
38,3800,1.1547887889996162
39,3900,0.8932673017736539
40,4000,1.0682277071674489
41,4100,1.3228097046701763
42,4200,1.0928822532719926
43,4300,1.1510817084893583
44,4400,1.154971958191111
45,4500,1.1071954924106229
46,4600,1.167023593695594
47,4700,1.2621286035026076
48,4800,0.9627395151335504
49,4900,1.0707467287420709
50,5000,1.170680103604349
51,5100,1.0797593282820515
52,5200,1.079230117669153
53,5300,1.0437829982693154
54,5400,1.0083749503761483
55,5500,1.115937857739929
56,5600,1.1431862829611563
57,5700,1.3118286752523556
58,5800,1.1203827766839027
59,5900,1.082207737171717
60,6000,1.2031125942868774
61,6100,1.0415345260331286
62,6200,0.9151997075100858
63,6300,0.7908288689941194
64,6400,0.8122479825819737
65,6500,1.1486701804219268
66,6600,0.9837607895066448
67,6700,0.9024163448438227
68,6800,0.8678828363807417
69,6900,0.9396474847693862
70,7000,1.2038412521298731
71,7100,0.9638950689673659
72,7200,1.1626984567543812
73,7300,1.0550643164993856
74,7400,0.7961010129602606
75,7500,1.0329008660766736
76,7600,1.1449488574738558
77,7700,1.204125751230643
78,7800,1.2253355905922798
79,7900,
80,8000,
