,time[ms],pmodel
0,0,1.487262033014634
1,100,1.487262033014634
2,200,1.4351774397639807
3,300,1.4094870119930927
4,400,1.4415835495032052
5,500,1.3305835930746337
6,600,1.14820014936877
7,700,1.0945880201486369
8,800,1.1079079635620985
9,900,1.4252249423774614
10,1000,1.4099434285423849
11,1100,1.088214362452959
12,1200,1.1436259401154527
13,1300,1.0198045376074516
14,1400,1.1860525736467307
15,1500,1.2835123710889875
16,1600,0.9978062223425977
17,1700,0.8858846102965044
18,1800,0.9154522285757577
19,1900,0.8457820168204385
20,2000,1.265225685803558
21,2100,1.095281626472572
22,2200,1.1176889406723003
23,2300,1.198465109931648
24,2400,1.2190723182705314
25,2500,1.1978619430164406
26,2600,1.1353667932594629
27,2700,1.0677596335427353
28,2800,0.891543294450904
29,2900,0.8917672995979627
30,3000,0.8552772956327361
31,3100,1.1040215602457946
32,3200,1.112557971909196
33,3300,1.1171779628937148
34,3400,1.088909414603223
35,3500,1.0947312045155613
36,3600,0.8851209786936255
37,3700,0.763647713437593
38,3800,0.9341689738246752
39,3900,0.8346025407640694
40,4000,0.8461230538014763
41,4100,1.0397459472500605
42,4200,1.2296630875867995
43,4300,1.1449865035507378
44,4400,1.1302192304805438
45,4500,0.9209141350458169
46,4600,1.1151259169044292
47,4700,0.9868747403500521
48,4800,0.9372103193080807
49,4900,1.0138390089440348
50,5000,0.9873330058639019
51,5100,0.9712591295287597
52,5200,1.2189849992462976
53,5300,1.1302179447747984
54,5400,0.9386881379296815
55,5500,1.1229538545811968
56,5600,1.173532914583916
57,5700,1.2340092717948719
58,5800,1.090767456018035
59,5900,1.0441808049278998
60,6000,0.9110925127569125
61,6100,1.1428756229693549
62,6200,0.9746973680573591
63,6300,1.1120642240078653
64,6400,0.974309059521132
65,6500,0.8574178164301915
66,6600,1.003729742715446
67,6700,1.1762389649795848
68,6800,1.0940415463846156
69,6900,1.01381081777467
70,7000,1.0824297014415585
71,7100,1.1322348636136361
72,7200,1.1852018459922395
73,7300,1.0349066638506752
74,7400,1.148977243932901
75,7500,0.9437647013264325
76,7600,1.1053979417208009
77,7700,0.9809149186649954
78,7800,1.0616999368685898
79,7900,1.0648269544059832
80,8000,
