,time[ms],pmodel
0,0,1.515899888629951
1,100,1.515899888629951
2,200,1.4199229744457798
3,300,1.1545299562357538
4,400,1.0656879338878804
5,500,1.474508328425682
6,600,1.0799614920995442
7,700,1.0799614920995442
8,800,1.1308159469412393
9,900,1.3088503532094595
10,1000,1.2970425262916665
11,1100,1.3204254437510925
12,1200,1.200705490130078
13,1300,1.2938287412956404
14,1400,1.1293516291142693
15,1500,1.177719527135122
16,1600,0.871306197545634
17,1700,0.8796288002637005
18,1800,0.7965609629064735
19,1900,0.9419035102100435
20,2000,1.0652608607621343
21,2100,1.302739337229177
22,2200,1.2145565073251556
23,2300,1.0855011882289491
24,2400,0.9332471575493839
25,2500,0.8297762820559205
26,2600,0.881227424448776
27,2700,1.1968385852699934
28,2800,0.8667564088699934
29,2900,0.8406831418659447
30,3000,0.6990215321606061
31,3100,0.9623774670206461
32,3200,1.0204876334382287
33,3300,0.915325375417645
34,3400,1.0963818421534826
35,3500,1.0478808829932547
36,3600,0.9986578938906238
37,3700,1.0776573541436063
38,3800,0.7818326580932954
39,3900,0.7885293926429796
40,4000,0.6770611863231331
41,4100,0.8673764090346918
42,4200,1.139118370386302
43,4300,0.8965073093799482
44,4400,1.1305969404760101
45,4500,1.2284537822380712
46,4600,1.027632850157501
47,4700,0.9893095870970984
48,4800,0.944650700768223
49,4900,0.7901821546509324
50,5000,0.9833080262473638
51,5100,1.0042563904009634
52,5200,1.0787070663828198
53,5300,1.14380121739782
54,5400,1.06095756824987
55,5500,0.9634345681282906
56,5600,1.0655028763774022
57,5700,0.9430037745812637
58,5800,1.0328823968159493
59,5900,1.019580021777248
60,6000,0.9811800502766356
61,6100,1.0347695731158568
62,6200,1.0815981867750115
63,6300,1.0082457958411402
64,6400,0.9796537731994471
65,6500,0.9546361605356802
66,6600,0.9932608356825748
67,6700,1.0634834560443416
68,6800,0.822190964352285
69,6900,0.7866279610313663
70,7000,0.7535401543646997
71,7100,0.7339143997288677
72,7200,1.1469412411641464
73,7300,1.0927071492841627
74,7400,1.1584233761494196
75,7500,0.9707768794661259
76,7600,1.0469542815171438
77,7700,
78,7800,
79,7900,
80,8000,
