,time[ms],pmodel
0,0.0,1.591228139181041
1,100.0,1.591228139181041
2,200.0,1.4784644036657513
3,300.0,1.528131492959639
4,400.0,1.5716518530430479
5,500.0,1.611095531162782
6,600.0,1.4185791813559088
7,700.0,1.29719031978196
8,800.0,1.3037418992516567
9,900.0,1.2612373663761405
10,1000.0,1.3196063695630378
11,1100.0,1.3806034001515153
12,1200.0,1.230429813137874
13,1300.0,0.8612938411715506
14,1400.0,1.0252251978100233
15,1500.0,0.9461845187829813
16,1600.0,1.018805433651515
17,1700.0,0.9169262566666666
18,1800.0,0.9395747461999405
19,1900.0,0.819513562165829
20,2000.0,1.1274680991245591
21,2100.0,1.2459135347179489
22,2200.0,1.1263883773730856
23,2300.0,1.1892913421461042
24,2400.0,1.0025224723406594
25,2500.0,0.9982840183958287
26,2600.0,1.360429717358003
27,2700.0,1.0715423043956984
28,2800.0,0.8146743130754228
29,2900.0,0.8131988147848245
30,3000.0,0.7988274117603381
31,3100.0,0.844067263052118
32,3200.0,0.8935318341586691
33,3300.0,1.2617677491185497
34,3400.0,1.0457096449373258
35,3500.0,1.0643554376569657
36,3600.0,1.086472301465517
37,3700.0,1.092662545587885
38,3800.0,1.1263690106872448
39,3900.0,0.8588708554972009
40,4000.0,0.8933094766632221
41,4100.0,0.9830574193298888
42,4200.0,1.274623034569374
43,4300.0,1.2209247340696026
44,4400.0,1.0807513259326198
45,4500.0,1.171974691578634
46,4600.0,1.0798324294799029
47,4700.0,1.0444876295613374
48,4800.0,1.1886979479743132
49,4900.0,1.0630262441738316
50,5000.0,0.9354068154236596
51,5100.0,1.0986055619818238
52,5200.0,1.0962667834589057
53,5300.0,1.081720263792735
54,5400.0,1.0002661889149977
55,5500.0,1.0519142572536908
56,5600.0,1.0683052423588943
57,5700.0,0.9721724284560062
58,5800.0,0.9849547714666901
59,5900.0,1.0969386958626886
60,6000.0,0.9494372523979503
61,6100.0,0.8753458823765826
62,6200.0,0.8825889698994986
63,6300.0,1.0443230477991738
64,6400.0,0.9955692788993248
65,6500.0,0.9635684918818098
66,6600.0,0.9732970853176023
67,6700.0,1.0261436877489265
68,6800.0,1.0807366775420917
69,6900.0,0.9041140191158129
70,7000.0,0.9955147796810967
71,7100.0,0.8789022538256881
72,7200.0,0.9622703332109327
73,7300.0,1.0634961395295006
74,7400.0,1.1125428474892476
75,7500.0,1.0187913400079367
76,7600.0,1.2083879516901432
77,7700.0,1.0498503360840825
78,7800.0,1.0183047465010198
79,7900.0,
80,,
