,time[ms],pmodel
0,0,1.4921043612759228
1,100,1.4921043612759228
2,200,1.378775395185695
3,300,1.3743923096388393
4,400,1.4035711141111298
5,500,1.2679190996551122
6,600,1.1760283105013678
7,700,1.2203304691758978
8,800,1.3808256697608243
9,900,1.3106267569367942
10,1000,1.402954991914135
11,1100,1.2647649195119586
12,1200,1.16071050411733
13,1300,1.204044426402926
14,1400,1.1907684539788832
15,1500,1.1878151457198007
16,1600,1.1369270455139633
17,1700,0.7875683898067601
18,1800,0.958632686255625
19,1900,1.0469907507196972
20,2000,0.8768167325157168
21,2100,1.01065060348538
22,2200,0.8946650755508858
23,2300,1.1228119758862665
24,2400,0.9568610886672285
25,2500,1.235495136978444
26,2600,0.9789869498767397
27,2700,0.9204627296073215
28,2800,0.8149566454383856
29,2900,1.0187003632244305
30,3000,1.0969692667653486
31,3100,1.2200324796209152
32,3200,1.1320287172004715
33,3300,1.1244272847623145
34,3400,0.9822062030474193
35,3500,1.0505436740758962
36,3600,1.0092584267761455
37,3700,1.001340665135117
38,3800,0.8486649582282828
39,3900,0.8778010502888889
40,4000,1.0382415908871794
41,4100,1.0367524174265395
42,4200,0.9459368992846666
43,4300,0.9953728244045551
44,4400,1.0196345388919967
45,4500,1.0516243819242348
46,4600,0.8794962437767901
47,4700,1.171717072697608
48,4800,1.148250667967448
49,4900,0.9593634493247701
50,5000,0.9685382716066003
51,5100,1.015975307277098
52,5200,1.0047134392249415
53,5300,0.9876422309769689
54,5400,1.0168350730238926
55,5500,0.995193878248554
56,5600,1.2436096909210317
57,5700,1.127564271866758
58,5800,1.052560846705088
59,5900,0.9464910074032635
60,6000,1.0539635831263272
61,6100,1.0545929095325395
62,6200,0.9362634626975622
63,6300,1.1239504156151905
64,6400,0.9560342035260797
65,6500,1.2801469545143953
66,6600,0.8703621848978897
67,6700,1.0828713853105425
68,6800,0.9873902645871334
69,6900,0.8618058421554952
70,7000,0.8004377792827865
71,7100,1.0647732288287548
72,7200,1.1175656180571338
73,7300,1.0963522467375055
74,7400,1.0104400492072232
75,7500,0.9565449947802199
76,7600,0.9734643580474388
77,7700,1.1018958523825262
78,7800,0.9381665752582556
79,7900,
80,8000,
