,time[ms],pmodel
0,0.0,1.482377883484995
1,100.0,1.482377883484995
2,200.0,1.4388271647854243
3,300.0,1.5739268945460543
4,400.0,1.5669863123286647
5,500.0,1.5335416919174096
6,600.0,1.2927064872115275
7,700.0,1.155774807670615
8,800.0,1.1839796008928367
9,900.0,1.2875322522211539
10,1000.0,1.377757148267579
11,1100.0,1.3436815888965539
12,1200.0,1.1118857816480627
13,1300.0,1.3253313321146307
14,1400.0,1.0325099623288758
15,1500.0,1.019109173070916
16,1600.0,0.9904476507006418
17,1700.0,0.7670995229309374
18,1800.0,0.7227198972944506
19,1900.0,0.6856385928037422
20,2000.0,0.9491064092243868
21,2100.0,1.1410809659501893
22,2200.0,1.0067767847605018
23,2300.0,0.9975058107218565
24,2400.0,1.0618002735264178
25,2500.0,1.0313991568177299
26,2600.0,1.0319069973370651
27,2700.0,0.8737514064799403
28,2800.0,0.6059165184263835
29,2900.0,0.633110940308546
30,3000.0,0.717012553545654
31,3100.0,1.0803783901408104
32,3200.0,1.0319610843210527
33,3300.0,0.9817926756841139
34,3400.0,0.9080146181531829
35,3500.0,1.0260125263590139
36,3600.0,1.0231222245616252
37,3700.0,1.1201691639955076
38,3800.0,0.9373999569777244
39,3900.0,0.970166798498108
40,4000.0,0.6763344266972421
41,4100.0,1.1517098836405482
42,4200.0,0.9200269992219671
43,4300.0,0.9816055054162133
44,4400.0,0.9403782256460423
45,4500.0,0.8699311022665114
46,4600.0,0.9560220315167772
47,4700.0,1.020020854176218
48,4800.0,1.1100593588245036
49,4900.0,1.04952525859319
50,5000.0,1.2355355604813072
51,5100.0,1.1031012238901305
52,5200.0,1.1246354484037187
53,5300.0,1.0202240349881508
54,5400.0,1.0389478000131267
55,5500.0,1.013781973679798
56,5600.0,0.8434402498551028
57,5700.0,1.2637438313467908
58,5800.0,0.8660727744097593
59,5900.0,0.9933069603146901
60,6000.0,0.7958968201585082
61,6100.0,0.8584562090894859
62,6200.0,0.9698999028178595
63,6300.0,1.0286283282233155
64,6400.0,0.9762787355264576
65,6500.0,1.0779555088879085
66,6600.0,0.9263501202512762
67,6700.0,0.9998582993390589
68,6800.0,1.2405744909236596
69,6900.0,0.7473680670315918
70,7000.0,0.6768387949263286
71,7100.0,0.6758277009869346
72,7200.0,1.010821593136364
73,7300.0,1.0975764246008568
74,7400.0,1.0459131735451672
75,7500.0,0.9559625005755467
76,7600.0,1.110261987620012
77,7700.0,
78,7800.0,
79,7900.0,
80,8000.0,
81,,
