,time[ms],pmodel
0,0.0,1.4187373004150174
1,100.0,1.4187373004150174
2,200.0,1.405063634691877
3,300.0,1.3410516537489805
4,400.0,1.4941617596349839
5,500.0,1.4949577909712515
6,600.0,1.3849701992175438
7,700.0,1.2644441201025916
8,800.0,1.1997498129541224
9,900.0,1.3374067708327817
10,1000.0,1.161052996152958
11,1100.0,1.15834955068307
12,1200.0,1.063779642295795
13,1300.0,1.191737143422559
14,1400.0,1.0414929754844597
15,1500.0,1.1352354660409656
16,1600.0,1.038960129718716
17,1700.0,1.154907324979745
18,1800.0,1.091080593771562
19,1900.0,1.0771159752158121
20,2000.0,1.0542221313706368
21,2100.0,1.0428565423564922
22,2200.0,1.1725749283650764
23,2300.0,1.0384603779671808
24,2400.0,0.7682185311279689
25,2500.0,0.25856739694155845
26,2600.0,0.2644329626688312
27,2700.0,0.2644329626688312
28,2800.0,0.2644329626688312
29,2900.0,0.2644329626688312
30,3000.0,0.5276436933506493
31,3100.0,0.9177576469696969
32,3200.0,1.007576823443793
33,3300.0,1.1063352788465357
34,3400.0,1.2342638436706195
35,3500.0,1.0784953006500624
36,3600.0,1.089354848348464
37,3700.0,1.1216353188970474
38,3800.0,1.1311384240491456
39,3900.0,0.9009197578874072
40,4000.0,0.9082678070003258
41,4100.0,0.8476829194741189
42,4200.0,0.9379795646678876
43,4300.0,1.023373745310646
44,4400.0,1.1519134853557085
45,4500.0,1.1148085925016762
46,4600.0,1.1182431120381722
47,4700.0,1.202248740191246
48,4800.0,1.2063506124583703
49,4900.0,0.9381607066954029
50,5000.0,0.9037696598330975
51,5100.0,1.1384585806583694
52,5200.0,1.2094911668020578
53,5300.0,1.1049673400067004
54,5400.0,0.8905486320276074
55,5500.0,0.831314116992557
56,5600.0,0.8097459760955207
57,5700.0,0.9965117994961704
58,5800.0,0.991148930873586
59,5900.0,0.9279745247220587
60,6000.0,0.9763772320589225
61,6100.0,1.0062447092349616
62,6200.0,1.109806373943787
63,6300.0,1.1195179147634722
64,6400.0,1.0548241242629248
65,6500.0,1.1270845434982517
66,6600.0,1.023411890958926
67,6700.0,0.9431647047838584
68,6800.0,1.049247583996892
69,6900.0,1.088941882756461
70,7000.0,0.8649089794255462
71,7100.0,0.951177687005793
72,7200.0,1.2630477998395317
73,7300.0,1.0697226422877661
74,7400.0,1.2027628307761487
75,7500.0,1.1052005118874457
76,7600.0,1.1673659859486585
77,7700.0,1.0855286387672414
78,7800.0,1.151655460467548
79,7900.0,1.204439561156057
80,8000.0,
81,,
