,time[ms],pmodel
0,0.0,1.4067603984615875
1,100.0,1.4067603984615875
2,200.0,1.3186023455493765
3,300.0,1.2659259656553425
4,400.0,1.2506692184364816
5,500.0,1.2269454843158054
6,600.0,1.221161043843078
7,700.0,0.9534072423252312
8,800.0,1.0086695572201854
9,900.0,1.0057602208016463
10,1000.0,1.23693850933505
11,1100.0,1.1846170251766033
12,1200.0,1.0401991457780158
13,1300.0,1.073317487990816
14,1400.0,1.2061648750438718
15,1500.0,1.125364155558081
16,1600.0,0.9773480050330766
17,1700.0,0.9096185370535833
18,1800.0,0.9809499836810537
19,1900.0,0.969840830105296
20,2000.0,1.0028843779234777
21,2100.0,1.1027442307277249
22,2200.0,1.237518738663522
23,2300.0,1.1119482494111113
24,2400.0,0.9864056752856892
25,2500.0,0.8528962320764489
26,2600.0,0.8763638054926185
27,2700.0,1.0260579274455863
28,2800.0,0.9621703719645675
29,2900.0,0.9656965389459192
30,3000.0,0.9730265664610708
31,3100.0,1.012014813922078
32,3200.0,0.9697735519839169
33,3300.0,0.974252262234447
34,3400.0,1.0253886067200315
35,3500.0,1.0020904597214368
36,3600.0,0.8971815917996795
37,3700.0,0.840814642281877
38,3800.0,0.7684691897654705
39,3900.0,0.71558929268928
40,4000.0,1.072257288042929
41,4100.0,1.0717931388914144
42,4200.0,1.180030518215713
43,4300.0,1.0745824319545068
44,4400.0,1.0767457513179877
45,4500.0,0.9646038988804208
46,4600.0,1.0531540711068956
47,4700.0,0.8870512525246975
48,4800.0,1.047641486211627
49,4900.0,1.1567969852272726
50,5000.0,1.1234667605818185
51,5100.0,0.8154998479848609
52,5200.0,1.1305974237222713
53,5300.0,1.25663985459341
54,5400.0,1.1694378279202322
55,5500.0,1.0097761995475554
56,5600.0,0.8300089938448775
57,5700.0,0.7645108993102079
58,5800.0,0.720461025907426
59,5900.0,0.811316887669905
60,6000.0,0.9422286133263756
61,6100.0,1.0048396475435348
62,6200.0,1.0949094113555553
63,6300.0,1.0893809491961082
64,6400.0,1.185452405080969
65,6500.0,1.1301438014369074
66,6600.0,1.1380899005685756
67,6700.0,1.2469257712078274
68,6800.0,1.0386822330286445
69,6900.0,0.9763207466132754
70,7000.0,1.2204006923517126
71,7100.0,1.202362526052755
72,7200.0,1.0005021563166667
73,7300.0,0.9932722906604509
74,7400.0,0.9360301479916842
75,7500.0,0.9516188496117918
76,7600.0,0.9351623445361686
77,7700.0,1.040862668683761
78,7800.0,0.9693630624527226
79,7900.0,
80,8000.0,
81,,
