,time[ms],pmodel
0,0.0,1.433460590740196
1,100.0,1.433460590740196
2,200.0,1.3510401841948334
3,300.0,1.5508055327099846
4,400.0,1.4931511448593633
5,500.0,1.498543902802306
6,600.0,1.424890771919134
7,700.0,1.315942992004413
8,800.0,1.089761635509693
9,900.0,1.3036098316500295
10,1000.0,1.1221487705808304
11,1100.0,1.3440426004319717
12,1200.0,0.9889015488016563
13,1300.0,0.9917569396510507
14,1400.0,0.9467720064856137
15,1500.0,0.82889915623057
16,1600.0,1.1276768683075322
17,1700.0,1.0224546372195236
18,1800.0,0.5883829894283658
19,1900.0,0.07288183653650598
20,2000.0,0.08050617187902082
21,2100.0,0.08050617187902082
22,2200.0,0.08050617187902082
23,2300.0,0.08050617187902082
24,2400.0,0.08050617187902082
25,2500.0,0.08050617187902082
26,2600.0,0.08050617187902082
27,2700.0,0.08050617187902082
28,2800.0,0.08050617187902082
29,2900.0,0.08050617187902082
30,3000.0,0.08050617187902082
31,3100.0,0.08050617187902082
32,3200.0,0.08050617187902082
33,3300.0,0.08050617187902082
34,3400.0,0.08050617187902082
35,3500.0,0.08050617187902082
36,3600.0,0.08050617187902082
37,3700.0,0.08050617187902082
38,3800.0,0.08050617187902082
39,3900.0,0.08050617187902082
40,4000.0,0.08050617187902082
41,4100.0,0.08050617187902082
42,4200.0,1.183150418817878
43,4300.0,1.2739089029530555
44,4400.0,0.9896354613798205
45,4500.0,1.036540433251695
46,4600.0,0.9241575409183943
47,4700.0,1.2045645338412538
48,4800.0,1.1295215208294285
49,4900.0,1.1060181616301774
50,5000.0,0.9187497531695049
51,5100.0,0.9744925262894956
52,5200.0,1.0803405959585302
53,5300.0,0.9593364182311023
54,5400.0,1.0563210348700633
55,5500.0,1.1553889550875187
56,5600.0,1.0562492263282826
57,5700.0,1.102609035380575
58,5800.0,1.2570997066479177
59,5900.0,1.1077271561169155
60,6000.0,1.1779485364156748
61,6100.0,0.8790994630726325
62,6200.0,1.1023599914163236
63,6300.0,1.227409658951983
64,6400.0,1.0641694709382286
65,6500.0,1.0397625289796242
66,6600.0,1.1348777826963432
67,6700.0,1.146241073070707
68,6800.0,1.1069209545226184
69,6900.0,0.9004978535883352
70,7000.0,0.5614691995267663
71,7100.0,0.619060189176598
72,7200.0,0.74557224298145
73,7300.0,1.1775961993680766
74,7400.0,1.196163549169765
75,7500.0,1.2029479428345775
76,7600.0,0.9273533008463359
77,7700.0,1.0712251084945357
78,7800.0,1.094090751239316
79,7900.0,0.9211015873041959
80,8000.0,
81,,
