,time[ms],pmodel
0,0,1.578753746919907
1,100,1.578753746919907
2,200,1.4617251217260732
3,300,1.4735605075564773
4,400,1.4880831682100122
5,500,1.3932557500876372
6,600,1.443612596005051
7,700,1.3542940074551284
8,800,1.4402977465948719
9,900,1.441600578982372
10,1000,1.331191029396166
11,1100,1.244739967871161
12,1200,1.2714316718453444
13,1300,1.1295384806098552
14,1400,1.1149513001294316
15,1500,0.9899070560563327
16,1600,1.320881541211289
17,1700,1.1784339524367788
18,1800,0.9967017908253665
19,1900,0.9583736669562136
20,2000,1.0068495913755244
21,2100,1.133393637922926
22,2200,0.6263070169839114
23,2300,0.6188499406700946
24,2400,0.5430300481951797
25,2500,0.6355256639081294
26,2600,0.7331963665747961
27,2700,0.7331963665747961
28,2800,0.7331963665747961
29,2900,0.7331963665747961
30,3000,0.7331963665747961
31,3100,0.7331963665747961
32,3200,0.7331963665747961
33,3300,0.7331963665747961
34,3400,0.7331963665747961
35,3500,0.7331963665747961
36,3600,0.7331963665747961
37,3700,0.7331963665747961
38,3800,0.7331963665747961
39,3900,0.7331963665747961
40,4000,0.7331963665747961
41,4100,0.7331963665747961
42,4200,0.7331963665747961
43,4300,0.7331963665747961
44,4400,0.7331963665747961
45,4500,0.7331963665747961
46,4600,0.7331963665747961
47,4700,0.7331963665747961
48,4800,0.7331963665747961
49,4900,0.7331963665747961
50,5000,0.7331963665747961
51,5100,0.7331963665747961
52,5200,0.7331963665747961
53,5300,0.7331963665747961
54,5400,0.7331963665747961
55,5500,0.7331963665747961
56,5600,0.7331963665747961
57,5700,0.7331963665747961
58,5800,0.7331963665747961
59,5900,0.7331963665747961
60,6000,0.7331963665747961
61,6100,0.7331963665747961
62,6200,1.124789816088473
63,6300,1.2057813309533252
64,6400,0.9898013006363638
65,6500,1.1315990631344213
66,6600,1.023214655529991
67,6700,1.0725078754085606
68,6800,0.8345471701781169
69,6900,0.7572902631026452
70,7000,0.8764777028606862
71,7100,0.966736233621489
72,7200,1.056050083796296
73,7300,1.1047659745979415
74,7400,1.1109343915625
75,7500,1.0628910288872175
76,7600,1.1235993193112375
77,7700,1.0480972268514148
78,7800,0.8917736767120579
79,7900,
80,8000,
