,time[ms],pmodel
0,0,1.37156993049192
1,100,1.37156993049192
2,200,1.3794354003639158
3,300,1.3358387155078923
4,400,1.2753116548893106
5,500,1.2753116548893106
6,600,1.2583017620987471
7,700,1.3156306007912693
8,800,1.411691231515309
9,900,1.4679296688078618
10,1000,1.3255975446014983
11,1100,1.29866829602348
12,1200,1.2612093800338
13,1300,1.2708833738071652
14,1400,1.3754191488305754
15,1500,1.2584127641119243
16,1600,0.9523880698181552
17,1700,1.176022148985882
18,1800,1.2906175841515148
19,1900,1.219724265644385
20,2000,1.1205228908571034
21,2100,1.1074352778395289
22,2200,1.1898073364759036
23,2300,0.9871896417052953
24,2400,0.9760281133595646
25,2500,0.9699127468999763
26,2600,1.0491469374082225
27,2700,1.1368578311365352
28,2800,1.1407140977131203
29,2900,1.1114465093838906
30,3000,1.1846916097658826
31,3100,1.1671004515463306
32,3200,1.3192885891064074
33,3300,1.0313698499696589
34,3400,1.1328395679303336
35,3500,0.9313003459496351
36,3600,0.9256304975720638
37,3700,0.8435125773902455
38,3800,1.1047037058907394
39,3900,1.1886001626622962
40,4000,1.1310302151104645
41,4100,1.209948772073962
42,4200,1.303271406204423
43,4300,1.311478283501693
44,4400,1.267365032303604
45,4500,1.2036090167078797
46,4600,1.1308923805520363
47,4700,0.9500578603137028
48,4800,1.1956233557104006
49,4900,1.1294317405963379
50,5000,1.309302197575687
51,5100,1.2410326698617378
52,5200,1.1198414901030902
53,5300,0.9871044729149266
54,5400,0.9858698490278054
55,5500,1.2103449000646411
56,5600,1.1084569514210205
57,5700,0.982465621367398
58,5800,0.8245457794140443
59,5900,1.1948316896724593
60,6000,1.1778738391605605
61,6100,1.157767775771576
62,6200,0.8543123793506492
63,6300,0.8445431783034875
64,6400,0.7826484550221966
65,6500,1.1113876110778174
66,6600,1.073895444564351
67,6700,0.9798095422316159
68,6800,0.9082038019657296
69,6900,0.861758663004662
70,7000,0.9072529780355172
71,7100,1.1867000865030946
72,7200,1.1370339980878343
73,7300,1.1203376658275062
74,7400,1.2643910997284307
75,7500,1.0074036396983597
76,7600,1.0982056613551543
77,7700,0.82655877020146
78,7800,0.8191558780959217
79,7900,0.7157198807065411
80,8000,0.8383228864327723
