,time[ms],pmodel
0,0,1.412896290293741
1,100,1.412896290293741
2,200,1.4639454376247092
3,300,1.4808028084756915
4,400,1.4631826958618284
5,500,1.5215321749961204
6,600,1.4232971434705797
7,700,1.1857988001969662
8,800,1.1546738160201437
9,900,1.2694680904214666
10,1000,1.4126341259478505
11,1100,1.3523566894907684
12,1200,1.4570465922324178
13,1300,1.2983844758004714
14,1400,1.5177051878086778
15,1500,1.435656750708422
16,1600,1.3432446109472402
17,1700,1.3194707852807195
18,1800,0.9538931287905962
19,1900,0.8759577054820883
20,2000,0.7052155264972448
21,2100,1.011166641570124
22,2200,0.993060983448849
23,2300,1.175940167677453
24,2400,1.0127035642259128
25,2500,0.9798179004895106
26,2600,1.0728703757916667
27,2700,1.1682894311379175
28,2800,1.284117800867563
29,2900,1.207417776254451
30,3000,1.0626454720261438
31,3100,1.0095390705687972
32,3200,1.100986501067911
33,3300,1.0752514237732989
34,3400,1.2520493505833334
35,3500,0.9886747662111678
36,3600,1.328026358006674
37,3700,1.0739787718878113
38,3800,1.226370276703292
39,3900,1.1925915124587507
40,4000,1.171518792429168
41,4100,1.304973262802962
42,4200,1.1884968958583029
43,4300,1.1278041321776344
44,4400,1.185002629820513
45,4500,1.1571923973967433
46,4600,1.1354477555955973
47,4700,1.151278261672772
48,4800,1.2909524840895221
49,4900,0.9677794572727637
50,5000,0.9209230131077525
51,5100,0.9667169585721044
52,5200,0.907175078730092
53,5300,1.1657726004559885
54,5400,1.0659864434965036
55,5500,0.9661106170572321
56,5600,1.0705344249570428
57,5700,1.118825835571187
58,5800,1.1669329344294872
59,5900,1.1608113892836056
60,6000,1.1496206051594386
61,6100,0.9794425213834871
62,6200,0.8503753496358347
63,6300,1.0874030777948458
64,6400,0.9950416579570881
65,6500,1.0953264851173445
66,6600,0.9037902171719845
67,6700,1.0237691691402917
68,6800,1.0246918456177156
69,6900,1.0151931360151516
70,7000,0.8928505169871795
71,7100,0.9300605873606254
72,7200,0.8226729751744104
73,7300,1.0883392759405273
74,7400,0.8650887266229229
75,7500,1.0958465343857808
76,7600,1.1072397295779441
77,7700,1.176617358625943
78,7800,0.9918484215071101
79,7900,
80,8000,
