,time[ms],pmodel
0,0,1.530723995310359
1,100,1.530723995310359
2,200,1.4811259228795106
3,300,1.46953545065355
4,400,1.46953545065355
5,500,1.46953545065355
6,600,1.46953545065355
7,700,1.46953545065355
8,800,1.4331432786969103
9,900,1.3764921060839161
10,1000,1.220268052517698
11,1100,1.2261563548678214
12,1200,1.425957220217362
13,1300,1.1683451031891026
14,1400,1.2320099329929435
15,1500,1.2220756453065538
16,1600,1.1759238221428574
17,1700,1.2745061200288785
18,1800,0.840834050643644
19,1900,1.1178292392174964
20,2000,1.14482461250639
21,2100,1.1558135855128109
22,2200,1.121040814776689
23,2300,1.1076491561854098
24,2400,1.156089050630683
25,2500,1.0174025682828285
26,2600,1.0744115937318544
27,2700,0.9025628337145531
28,2800,0.9326404550550357
29,2900,0.9347566835331825
30,3000,1.2303431128706173
31,3100,1.0750109492979534
32,3200,1.12595541149024
33,3300,1.128905210837801
34,3400,1.1643641090454544
35,3500,1.2703329075863903
36,3600,1.2866858751451047
37,3700,1.1018776430577142
38,3800,1.0561626378371956
39,3900,0.9975350415139633
40,4000,1.261573804364589
41,4100,1.206303426028283
42,4200,1.3878794993953933
43,4300,1.2052592770083903
44,4400,1.2367097357892476
45,4500,1.2302834970835423
46,4600,1.2184515899496362
47,4700,1.150345531191531
48,4800,0.8851002981349538
49,4900,1.1668903318605932
50,5000,1.1699740589352063
51,5100,1.188304682525378
52,5200,1.1532562871557488
53,5300,1.0790465264695634
54,5400,1.0582533507358076
55,5500,0.9840533820476832
56,5600,1.1057602871501828
57,5700,1.023933989302059
58,5800,1.1213305503131363
59,5900,1.202118093559851
60,6000,1.286605869214494
61,6100,1.1097727593756739
62,6200,1.2316589226609644
63,6300,1.1167539862710685
64,6400,1.2076238411309301
65,6500,1.1643342872800484
66,6600,1.093922003252736
67,6700,1.0782348186604929
68,6800,0.9730361294987467
69,6900,0.9413435497020854
70,7000,0.7703035629676702
71,7100,0.8832442244855392
72,7200,0.9726601623524994
73,7300,0.9921525413122069
74,7400,0.9365043852432012
75,7500,1.0048673920342521
76,7600,1.0735008640019426
77,7700,1.0951796244301328
78,7800,1.145644250752226
79,7900,
80,8000,
