,time[ms],pmodel
0,0.0,1.44840100572402
1,100.0,1.44840100572402
2,200.0,1.2705970238496072
3,300.0,1.4184280254581534
4,400.0,1.449877408427739
5,500.0,1.3595518318972277
6,600.0,1.3989711898562756
7,700.0,1.3932217293889977
8,800.0,1.4415899316988265
9,900.0,1.2758528697664056
10,1000.0,1.1142633718709436
11,1100.0,1.1660172355108225
12,1200.0,1.124969480093962
13,1300.0,1.1010623260727606
14,1400.0,1.0739268314070838
15,1500.0,0.7241329416347594
16,1600.0,0.9391234110083966
17,1700.0,0.8298423621598336
18,1800.0,0.7931897885984526
19,1900.0,0.8549743585871659
20,2000.0,1.1689761849265885
21,2100.0,1.221788897227217
22,2200.0,1.0643125678021068
23,2300.0,1.019868826750069
24,2400.0,1.1216355843607233
25,2500.0,1.066190153748106
26,2600.0,1.1678534441156163
27,2700.0,1.0017130805971477
28,2800.0,1.0396869180601498
29,2900.0,0.9380187398951048
30,3000.0,0.8819851415189315
31,3100.0,0.76252990996892
32,3200.0,0.8676873054654252
33,3300.0,0.9689291702326427
34,3400.0,0.9824953413116461
35,3500.0,1.2011190702799999
36,3600.0,1.2061664165507366
37,3700.0,1.105091649915595
38,3800.0,1.1528561890341882
39,3900.0,0.9763960918888889
40,4000.0,1.0470847092111621
41,4100.0,0.9442970316053276
42,4200.0,1.0158835856653856
43,4300.0,0.9483700713142995
44,4400.0,1.243347488721168
45,4500.0,1.196004787979419
46,4600.0,1.134057278733187
47,4700.0,1.1443457210478636
48,4800.0,1.1530018194345435
49,4900.0,1.1158923635611435
50,5000.0,1.1458494222374211
51,5100.0,1.01719956410845
52,5200.0,1.1259803574836873
53,5300.0,1.0999378897937064
54,5400.0,1.0532282182057835
55,5500.0,0.9051103102467251
56,5600.0,0.9618033998146082
57,5700.0,1.002770225159893
58,5800.0,1.0689642859660426
59,5900.0,0.9619371741412069
60,6000.0,0.9152853644397311
61,6100.0,0.9678169673877192
62,6200.0,1.1271019946640264
63,6300.0,1.1520444261100318
64,6400.0,1.0759933078158488
65,6500.0,1.07586448724359
66,6600.0,1.0246766861946388
67,6700.0,0.9840904698837861
68,6800.0,1.0341369327779164
69,6900.0,0.8484753862380536
70,7000.0,0.7502810998466926
71,7100.0,0.9317922087433842
72,7200.0,1.231401017006133
73,7300.0,0.9508163888838143
74,7400.0,1.0517070804003388
75,7500.0,0.912163065876465
76,7600.0,0.9835965095413232
77,7700.0,1.1674034567096347
78,7800.0,1.2972850924458763
79,7900.0,
80,8000.0,
81,,
