,time[ms],pmodel
0,0,1.3691310178432374
1,100,1.3691310178432374
2,200,1.276795814032393
3,300,1.3011297570416565
4,400,1.4620753417350363
5,500,1.34338990514973
6,600,1.4241438177694246
7,700,1.466421658591365
8,800,1.4275364022610728
9,900,1.3146938214991795
10,1000,1.2489225424295483
11,1100,1.2686478502962317
12,1200,1.3688827167712763
13,1300,1.171757890956986
14,1400,1.170559251828283
15,1500,1.0314849493534353
16,1600,1.0061917497294983
17,1700,0.9819380386681084
18,1800,1.0026010265441814
19,1900,0.9959630594258791
20,2000,0.8218097281497413
21,2100,0.8929910055365569
22,2200,0.934431438196932
23,2300,1.1382320966047126
24,2400,1.0468998084424301
25,2500,1.1222634302417585
26,2600,1.1250148385245757
27,2700,1.0021635458260407
28,2800,1.0893412355763163
29,2900,0.9443190502165242
30,3000,0.9051337908474801
31,3100,1.1220110401590908
32,3200,1.1528913425535356
33,3300,1.0873636880555555
34,3400,1.1816639160667854
35,3500,0.9161260786589008
36,3600,0.955456421553824
37,3700,1.0859199112672724
38,3800,1.1886925538828672
39,3900,1.1637470168225108
40,4000,0.9295059780882328
41,4100,1.0394659899895893
42,4200,1.0917109629556765
43,4300,1.2053333984291523
44,4400,0.9247753557788343
45,4500,1.0552437169230768
46,4600,1.1232676193201896
47,4700,1.1155542347564116
48,4800,1.1797801200195361
49,4900,0.9303037926047285
50,5000,1.1276279517944832
51,5100,0.9519119295003252
52,5200,0.9933511723702247
53,5300,0.9599460779498835
54,5400,1.1082009275353535
55,5500,1.0677271638055954
56,5600,1.0861034163077838
57,5700,1.0853789693360656
58,5800,1.0732156868150167
59,5900,1.1400986682189456
60,6000,1.1641791647976372
61,6100,1.1641212459949495
62,6200,0.9303891168153947
63,6300,0.9409510741508567
64,6400,1.0470244559687845
65,6500,
66,6600,
67,6700,
68,6800,
69,6900,
70,7000,
71,7100,
72,7200,
73,7300,
74,7400,
75,7500,
76,7600,
77,7700,
78,7800,
79,7900,
80,8000,
81,8100,
