,time[ms],pmodel
0,0,1.3935807409475776
1,100,1.3935807409475776
2,200,1.1922225523294547
3,300,1.2247566401043959
4,400,1.1476927277766955
5,500,1.2394242528690476
6,600,1.3365993416349755
7,700,1.443609148443
8,800,1.189060326173165
9,900,1.0600111494271665
10,1000,1.0340461356815527
11,1100,1.4959719922692036
12,1200,1.3840080648012822
13,1300,1.4295732799553091
14,1400,1.4759459041794876
15,1500,1.4024471182886429
16,1600,1.5086073158153237
17,1700,1.5177867346062919
18,1800,1.4843657372870789
19,1900,1.2603256155583593
20,2000,1.3663133823547362
21,2100,1.2872061205679763
22,2200,1.4690383657928878
23,2300,1.472384169019886
24,2400,1.4623607782801011
25,2500,1.5112800495294052
26,2600,1.3986100915943789
27,2700,1.4273373522513273
28,2800,1.2232657603713655
29,2900,1.1143715884476362
30,3000,0.9943467254940425
31,3100,1.0036498662510116
32,3200,0.9147074943042193
33,3300,1.2060428289805318
34,3400,1.2491715238822714
35,3500,1.336339538414844
36,3600,1.1470500792324527
37,3700,1.3292465054883453
38,3800,1.3310771052200576
39,3900,1.3908658332106785
40,4000,1.2117383635445984
41,4100,1.0245490361404221
42,4200,1.0568889169283011
43,4300,1.089679594952381
44,4400,1.3169440811786837
45,4500,1.2060977523977767
46,4600,1.3648531643166986
47,4700,1.4854561177586167
48,4800,1.1586289154527232
49,4900,1.378956298971251
50,5000,1.4007246976713041
51,5100,1.456587279348485
52,5200,1.2409775373660694
53,5300,1.3244072040108223
54,5400,1.2663111088560601
55,5500,1.183705519390243
56,5600,1.3325934369728505
57,5700,1.3191886375990705
58,5800,1.363220130210101
59,5900,1.4051395958552453
60,6000,1.2533274155978202
61,6100,1.180613953399758
62,6200,1.2418698812201767
63,6300,1.1586115103921966
64,6400,1.3011181665453297
65,6500,1.2618496515920086
66,6600,1.2238918635602434
67,6700,1.3156220563821068
68,6800,1.2650785294659852
69,6900,1.3313148627581999
70,7000,1.2747091049923855
71,7100,1.2354478120414005
72,7200,1.428084983725562
73,7300,1.2097175009916437
74,7400,1.2434971327052216
75,7500,1.3228333809952781
76,7600,1.262679368175422
77,7700,1.3029435892348342
78,7800,1.2560077665965133
79,7900,
80,8000,
