,time[ms],pmodel
0,0,1.448173530199572
1,100,1.448173530199572
2,200,1.3539861184007234
3,300,1.2636821584390443
4,400,1.0536240744826841
5,500,1.5297681633682556
6,600,1.2955979973084344
7,700,0.968271150180196
8,800,1.0229151858989902
9,900,1.2403135140345767
10,1000,1.388575002788401
11,1100,1.5148918421446607
12,1200,1.466242012179654
13,1300,1.2852778770569073
14,1400,1.2259903580596516
15,1500,1.2576640195913344
16,1600,1.2829187208147412
17,1700,1.2774505466828812
18,1800,1.3243261941841493
19,1900,1.4833205864166334
20,2000,1.3979324519782161
21,2100,1.3920960629563877
22,2200,1.4933584871724666
23,2300,1.43655502224606
24,2400,1.426703294990439
25,2500,1.5079487592764411
26,2600,1.0707939283451213
27,2700,1.0783529510160617
28,2800,1.0639505570309291
29,2900,1.382289311505517
30,3000,1.4781053667838533
31,3100,1.5550825618602926
32,3200,1.4477315477326007
33,3300,1.4693274938234238
34,3400,1.5140797235311712
35,3500,1.5285220942220707
36,3600,1.4133214290122051
37,3700,1.3095775719428588
38,3800,1.2266149131711446
39,3900,1.1695847329715199
40,4000,1.246391880391775
41,4100,1.222587769409348
42,4200,1.125119350350547
43,4300,1.1280819670188982
44,4400,1.2509155083429788
45,4500,1.2930788209597668
46,4600,1.3077109529039976
47,4700,1.3682323101550118
48,4800,1.269056230520036
49,4900,1.2985932405541245
50,5000,1.3226548829718237
51,5100,1.4921523630276132
52,5200,1.3666707968487715
53,5300,1.4477519218323058
54,5400,1.3602763266515154
55,5500,1.3317824621399335
56,5600,1.1960440514645478
57,5700,1.2113426476039928
58,5800,1.2522872157377947
59,5900,1.1836796277956485
60,6000,1.2823262501729795
61,6100,1.3342577465322965
62,6200,1.2498803749299245
63,6300,1.3569224113158933
64,6400,1.3182654300175023
65,6500,1.2818088290760876
66,6600,1.2835601644113828
67,6700,1.255226787721115
68,6800,1.1006826445528515
69,6900,0.9502375569144071
70,7000,0.8860522863991482
71,7100,1.0989470468617997
72,7200,1.3213553598143108
73,7300,1.2465658956503858
74,7400,1.2561452075508868
75,7500,1.3349863675736864
76,7600,1.323520152871728
77,7700,1.3507812472065237
78,7800,1.3017284490908723
79,7900,
80,8000,
