time,w
12:43:33:712957,2.22423
12:43:33:981380,2.22423
12:43:34:251054,2.22423
12:43:34:591381,2.22423
12:43:34:789404,2.22423
12:43:35:071286,2.22423
12:43:35:340402,2.22423
12:43:35:609005,2.22423
12:43:35:876282,2.22423
12:43:36:156579,2.22423
12:43:36:450020,2.22423
12:43:36:688484,2.22423
